 Impersonal Pronouns,Adverbs,Affective Processes,All Punctuation,Anger,Anxiety,Articles,Assent,Auxiliary Verbs,Biological Processes,Body,Causation,Certainty,Colon,Comma,Common Verbs,Conjunctions,Dash,Death,Dictionary Words,Discrepancy,Exclamation Marks,Family,Feel,First Person Plural,First Person Singular,Friends,Health,Hear,Home,Ingestion,Insight,Leisure,Money,Motion,Negations,Negative Emotion,Number,Numerals,Other Punctuation,Parenthesis,Perceptual Processes,Personal Pronouns,Positive Emotion,Quantifiers,Question Marks,Quote Marks,Relativity,Religion,Sadness,Second Person,See,Semicolon,Sentences,Sexual,Six Letter Words,Social Processes,Space,Swear Words,Tentative,Third Person Plural,Third Person Singular,Time,Total Pronouns,Unique Words,Word Count,Words Per Sentence,Work,achiev,adj,affiliation,cogproc,compare,differ,drives,female,focusfuture,focuspast,focuspresent,function,informal,interrog,male,netspeak,nonflu,power,prep,reward,risk
0.0,0.0,6,5,3,0.0,2,0.0,0.0,0.0,0.0,0.0,0.0,2,0.0,0.0,1,0.0,0.0,20,1,0.0,0.0,0.0,0.0,0.0,0.0,0.0,0.0,0.0,0.0,0.0,0.0,0.0,0.0,1,6,0.0,2,5,0.0,0.0,0.0,0.0,0.0,0.0,0.0,2,0.0,3,0.0,0.0,0.0,3,0.0,7,0.0,0.0,0.0,1,0.0,0.0,2,0.0,23,28,9.333333333333334,3,3,2,0.0,2,0.0,2,4,0.0,3,0.0,1,7,0.0,0.0,0.0,0.0,0.0,4,3,0.0,3
4,0.0,6,3,0.0,3,3,0.0,2,3,0.0,0.0,3,1,1,2,1,0.0,0.0,27,0.0,0.0,0.0,0.0,0.0,0.0,0.0,0.0,0.0,1,3,0.0,0.0,0.0,0.0,0.0,6,0.0,4,3,0.0,1,0.0,0.0,0.0,0.0,0.0,5,0.0,3,0.0,1,0.0,1,0.0,4,6,0.0,0.0,0.0,0.0,0.0,5,4,21,29,29.0,3,3,1,0.0,4,0.0,1,3,0.0,0.0,2,0.0,11,0.0,0.0,0.0,0.0,0.0,3,1,0.0,3
1,1,6,2,0.0,0.0,0.0,0.0,3,0.0,0.0,0.0,0.0,0.0,1,5,0.0,0.0,0.0,19,1,0.0,0.0,0.0,1,0.0,0.0,0.0,0.0,0.0,0.0,0.0,0.0,0.0,1,0.0,1,0.0,0.0,1,0.0,0.0,3,5,0.0,0.0,0.0,2,0.0,0.0,1,0.0,0.0,1,0.0,5,3,1,0.0,0.0,0.0,1,0.0,4,24,26,26.0,0.0,3,2,1,1,0.0,0.0,4,0.0,0.0,0.0,5,10,0.0,1,1,0.0,0.0,0.0,2,3,0.0
0.0,2,1,3,0.0,0.0,0.0,0.0,2,0.0,0.0,0.0,0.0,0.0,1,3,0.0,0.0,0.0,23,0.0,1,0.0,0.0,0.0,0.0,0.0,0.0,0.0,0.0,0.0,0.0,0.0,0.0,0.0,0.0,0.0,0.0,0.0,4,0.0,0.0,0.0,1,3,0.0,0.0,8,0.0,0.0,0.0,0.0,0.0,1,0.0,2,0.0,2,0.0,0.0,0.0,0.0,6,0.0,17,18,18.0,4,1,7,0.0,1,7,1,6,0.0,0.0,2,1,6,2,0.0,0.0,1,1,4,2,1,0.0
3,2,1,8,0.0,0.0,2,0.0,2,0.0,0.0,0.0,3,1,5,3,1,0.0,0.0,14,0.0,0.0,0.0,0.0,0.0,0.0,0.0,0.0,0.0,0.0,0.0,0.0,0.0,0.0,0.0,0.0,0.0,0.0,5,5,0.0,0.0,0.0,1,0.0,0.0,0.0,2,0.0,0.0,0.0,0.0,0.0,2,0.0,6,4,1,0.0,0.0,0.0,0.0,1,3,22,30,15.0,2,2,1,0.0,3,0.0,0.0,3,0.0,0.0,1,2,10,0.0,0.0,0.0,0.0,0.0,1,1,1,0.0
1,0.0,5,6,0.0,0.0,1,0.0,1,1,0.0,0.0,0.0,1,2,1,1,0.0,0.0,23,0.0,0.0,0.0,0.0,0.0,0.0,0.0,0.0,0.0,1,0.0,3,0.0,0.0,0.0,0.0,0.0,0.0,2,5,0.0,0.0,0.0,5,0.0,0.0,0.0,10,0.0,0.0,0.0,0.0,0.0,3,0.0,5,1,3,0.0,0.0,0.0,0.0,7,1,22,26,8.666666666666666,0.0,0.0,1,1,3,0.0,0.0,5,0.0,0.0,1,0.0,7,0.0,0.0,0.0,0.0,0.0,0.0,3,4,0.0
0.0,0.0,0.0,2,0.0,0.0,0.0,0.0,0.0,1,0.0,0.0,0.0,0.0,1,2,0.0,0.0,0.0,6,0.0,1,0.0,0.0,0.0,1,0.0,1,0.0,0.0,0.0,0.0,0.0,0.0,0.0,0.0,0.0,0.0,3,0.0,0.0,0.0,1,0.0,0.0,0.0,0.0,3,0.0,0.0,0.0,0.0,0.0,2,0.0,3,0.0,3,0.0,0.0,0.0,0.0,0.0,1,11,14,7.0,0.0,0.0,0.0,1,0.0,0.0,0.0,1,0.0,0.0,0.0,2,4,0.0,0.0,0.0,0.0,0.0,0.0,3,0.0,0.0
1,2,4,3,0.0,0.0,0.0,0.0,2,0.0,0.0,0.0,1,1,0.0,3,0.0,0.0,0.0,23,0.0,0.0,0.0,0.0,0.0,1,0.0,0.0,0.0,0.0,0.0,5,0.0,0.0,0.0,1,0.0,0.0,0.0,4,0.0,0.0,1,4,0.0,0.0,0.0,1,0.0,0.0,0.0,0.0,0.0,2,0.0,7,2,1,0.0,0.0,0.0,0.0,0.0,2,23,25,12.5,3,0.0,2,0.0,7,0.0,1,3,0.0,0.0,1,2,8,0.0,0.0,0.0,0.0,0.0,3,1,0.0,0.0
0.0,0.0,1,3,0.0,0.0,1,0.0,1,0.0,0.0,0.0,0.0,1,0.0,2,1,0.0,0.0,18,0.0,0.0,0.0,0.0,0.0,0.0,0.0,0.0,0.0,0.0,0.0,0.0,0.0,3,1,0.0,0.0,0.0,0.0,4,0.0,1,1,1,0.0,0.0,0.0,4,0.0,0.0,1,1,0.0,2,0.0,7,1,3,0.0,0.0,0.0,0.0,2,1,23,24,12.0,6,0.0,1,0.0,0.0,0.0,0.0,1,0.0,1,0.0,1,8,0.0,0.0,0.0,0.0,0.0,0.0,4,1,0.0
3,4,2,4,0.0,0.0,1,0.0,2,0.0,0.0,0.0,0.0,1,1,3,2,0.0,0.0,29,0.0,0.0,0.0,0.0,0.0,0.0,0.0,0.0,0.0,0.0,0.0,0.0,0.0,0.0,1,0.0,0.0,0.0,2,4,0.0,0.0,0.0,2,0.0,0.0,0.0,10,0.0,0.0,0.0,0.0,0.0,2,0.0,3,1,6,0.0,0.0,0.0,0.0,3,3,24,29,14.5,3,0.0,0.0,0.0,0.0,0.0,0.0,4,0.0,1,1,2,14,1,0.0,0.0,0.0,1,3,2,1,0.0
1,2,3,3,2,0.0,1,0.0,1,0.0,0.0,0.0,0.0,0.0,0.0,4,0.0,0.0,0.0,12,0.0,0.0,0.0,0.0,0.0,0.0,0.0,0.0,0.0,0.0,0.0,0.0,0.0,0.0,0.0,0.0,3,0.0,0.0,1,2,0.0,1,0.0,0.0,0.0,0.0,1,0.0,0.0,0.0,0.0,0.0,1,0.0,6,3,0.0,0.0,0.0,0.0,1,1,2,21,23,23.0,1,1,1,0.0,0.0,0.0,0.0,1,0.0,0.0,1,3,8,0.0,1,1,0.0,0.0,0.0,3,0.0,0.0
1,1,6,3,0.0,0.0,1,0.0,2,0.0,0.0,0.0,0.0,1,0.0,3,1,0.0,0.0,23,0.0,0.0,0.0,0.0,0.0,0.0,0.0,0.0,0.0,0.0,0.0,0.0,0.0,0.0,0.0,1,0.0,0.0,2,4,0.0,0.0,0.0,6,0.0,0.0,0.0,1,0.0,0.0,0.0,0.0,0.0,2,0.0,5,6,0.0,0.0,1,0.0,0.0,1,1,22,28,14.0,0.0,0.0,2,0.0,2,0.0,1,2,0.0,1,0.0,0.0,10,0.0,1,0.0,0.0,0.0,0.0,4,2,0.0
0.0,0.0,3,4,0.0,0.0,1,0.0,2,3,0.0,1,1,1,0.0,3,0.0,0.0,0.0,20,0.0,0.0,0.0,0.0,0.0,0.0,0.0,3,0.0,0.0,0.0,2,0.0,0.0,0.0,0.0,0.0,0.0,0.0,5,0.0,0.0,0.0,3,0.0,0.0,0.0,0.0,0.0,0.0,0.0,0.0,0.0,2,0.0,8,1,0.0,0.0,0.0,0.0,0.0,0.0,0.0,21,22,11.0,6,0.0,1,0.0,4,0.0,1,6,0.0,0.0,1,2,5,0.0,0.0,0.0,0.0,0.0,6,2,0.0,0.0
1,1,1,3,0.0,0.0,1,0.0,2,0.0,0.0,0.0,0.0,1,0.0,2,2,0.0,0.0,19,0.0,0.0,0.0,0.0,0.0,1,0.0,0.0,0.0,1,0.0,0.0,0.0,0.0,0.0,1,0.0,0.0,4,4,0.0,0.0,1,1,0.0,0.0,0.0,0.0,0.0,0.0,0.0,0.0,0.0,2,0.0,5,0.0,0.0,0.0,0.0,0.0,0.0,0.0,2,23,28,14.0,3,0.0,1,0.0,0.0,1,0.0,4,0.0,0.0,1,1,10,0.0,0.0,0.0,0.0,0.0,4,2,0.0,0.0
0.0,1,1,5,0.0,0.0,1,1,0.0,3,0.0,0.0,2,1,3,2,2,0.0,0.0,27,1,0.0,0.0,0.0,0.0,2,0.0,3,0.0,0.0,0.0,0.0,3,0.0,0.0,0.0,0.0,0.0,0.0,3,0.0,0.0,2,1,2,0.0,0.0,4,0.0,0.0,0.0,0.0,0.0,1,0.0,4,7,1,0.0,0.0,0.0,0.0,3,2,20,25,25.0,3,3,0.0,6,3,0.0,0.0,6,0.0,0.0,0.0,5,10,1,0.0,0.0,1,0.0,0.0,5,0.0,0.0
0.0,0.0,0.0,3,0.0,0.0,0.0,0.0,1,0.0,0.0,0.0,1,1,0.0,2,1,0.0,0.0,18,0.0,1,0.0,0.0,0.0,1,0.0,0.0,0.0,0.0,0.0,0.0,0.0,0.0,1,0.0,0.0,0.0,2,3,0.0,0.0,1,0.0,1,0.0,0.0,8,0.0,0.0,0.0,0.0,0.0,2,0.0,6,4,2,0.0,0.0,0.0,0.0,5,1,23,29,14.5,0.0,1,0.0,1,1,0.0,0.0,2,0.0,1,0.0,1,6,0.0,0.0,0.0,0.0,0.0,1,3,0.0,0.0
0.0,2,9,2,0.0,0.0,1,1,3,0.0,0.0,0.0,0.0,1,0.0,3,1,0.0,0.0,28,0.0,0.0,0.0,0.0,2,1,0.0,0.0,0.0,1,0.0,0.0,0.0,0.0,0.0,0.0,0.0,0.0,0.0,3,0.0,1,3,9,0.0,0.0,0.0,5,0.0,0.0,0.0,1,0.0,1,0.0,5,6,1,0.0,0.0,0.0,0.0,5,3,23,26,26.0,0.0,3,1,5,0.0,0.0,0.0,8,0.0,0.0,0.0,6,12,1,0.0,0.0,1,0.0,3,3,0.0,0.0
1,1,1,5,0.0,0.0,1,0.0,0.0,0.0,0.0,0.0,0.0,2,1,0.0,0.0,0.0,0.0,16,0.0,0.0,0.0,0.0,0.0,0.0,0.0,0.0,0.0,1,0.0,1,0.0,0.0,0.0,1,0.0,0.0,5,4,0.0,0.0,0.0,1,0.0,0.0,0.0,1,0.0,0.0,0.0,0.0,0.0,2,0.0,8,0.0,1,0.0,0.0,0.0,0.0,0.0,1,19,26,13.0,5,0.0,0.0,0.0,1,0.0,0.0,3,0.0,0.0,0.0,0.0,5,0.0,0.0,0.0,0.0,0.0,3,1,0.0,0.0
1,2,0.0,5,0.0,0.0,0.0,0.0,1,0.0,0.0,0.0,0.0,1,1,2,2,0.0,0.0,20,0.0,1,0.0,0.0,0.0,0.0,0.0,0.0,0.0,0.0,0.0,0.0,0.0,0.0,1,0.0,0.0,0.0,2,4,0.0,1,0.0,0.0,1,0.0,0.0,4,0.0,0.0,0.0,1,0.0,3,0.0,5,6,2,0.0,0.0,0.0,0.0,3,1,22,27,9.0,3,0.0,0.0,0.0,0.0,0.0,0.0,0.0,0.0,1,0.0,2,8,0.0,0.0,0.0,0.0,0.0,0.0,4,0.0,0.0
3,0.0,1,2,0.0,0.0,2,0.0,4,3,3,0.0,0.0,1,0.0,8,1,0.0,0.0,30,0.0,0.0,0.0,0.0,0.0,0.0,0.0,0.0,0.0,0.0,0.0,0.0,0.0,0.0,0.0,0.0,0.0,0.0,0.0,3,0.0,4,0.0,1,0.0,0.0,0.0,5,0.0,0.0,0.0,4,0.0,1,0.0,5,3,4,0.0,0.0,0.0,0.0,1,3,22,24,24.0,6,0.0,2,3,0.0,0.0,0.0,5,0.0,0.0,0.0,3,11,0.0,0.0,0.0,0.0,0.0,1,1,1,0.0
1,0.0,5,5,0.0,0.0,2,0.0,2,0.0,0.0,0.0,0.0,1,3,4,0.0,0.0,0.0,23,0.0,0.0,0.0,0.0,0.0,1,1,0.0,0.0,0.0,0.0,0.0,0.0,0.0,0.0,1,0.0,0.0,7,3,0.0,0.0,1,5,0.0,0.0,0.0,0.0,0.0,0.0,0.0,0.0,0.0,1,0.0,1,2,0.0,0.0,0.0,0.0,0.0,0.0,2,25,34,34.0,5,0.0,1,2,1,0.0,1,9,0.0,0.0,1,3,9,0.0,0.0,0.0,0.0,0.0,6,2,2,0.0
0.0,1,1,4,0.0,0.0,2,0.0,1,3,0.0,0.0,0.0,1,0.0,1,2,0.0,0.0,21,0.0,0.0,0.0,0.0,0.0,1,0.0,3,0.0,1,0.0,0.0,0.0,0.0,0.0,0.0,0.0,0.0,5,5,0.0,1,1,1,0.0,0.0,0.0,2,0.0,0.0,0.0,1,0.0,3,0.0,4,0.0,1,0.0,0.0,0.0,0.0,1,1,24,31,10.333333333333334,2,0.0,3,1,0.0,0.0,0.0,4,0.0,0.0,1,1,9,2,0.0,0.0,2,0.0,2,3,1,0.0
2,2,3,4,1,0.0,1,0.0,3,0.0,0.0,0.0,1,0.0,2,4,1,0.0,1,23,1,2,0.0,0.0,0.0,0.0,0.0,0.0,0.0,0.0,0.0,0.0,0.0,0.0,0.0,0.0,1,0.0,0.0,0.0,0.0,0.0,0.0,2,1,0.0,0.0,4,0.0,0.0,0.0,0.0,0.0,2,0.0,0.0,3,2,0.0,0.0,0.0,0.0,2,2,24,25,12.5,0.0,1,1,0.0,2,0.0,0.0,4,0.0,0.0,0.0,3,13,0.0,1,0.0,0.0,0.0,1,4,2,0.0
0.0,0.0,3,3,3,0.0,2,0.0,1,0.0,0.0,3,0.0,1,1,2,2,0.0,0.0,29,0.0,0.0,0.0,0.0,0.0,0.0,0.0,0.0,0.0,0.0,0.0,0.0,0.0,0.0,3,0.0,3,0.0,2,3,0.0,0.0,0.0,0.0,0.0,0.0,0.0,14,0.0,0.0,0.0,0.0,0.0,1,0.0,8,3,6,0.0,0.0,0.0,0.0,5,0.0,22,27,27.0,4,0.0,2,0.0,3,1,0.0,0.0,0.0,0.0,0.0,1,8,0.0,0.0,0.0,0.0,0.0,0.0,3,0.0,0.0
5,0.0,0.0,4,0.0,0.0,1,0.0,4,0.0,0.0,0.0,3,1,0.0,5,0.0,0.0,0.0,16,0.0,0.0,0.0,0.0,0.0,0.0,0.0,0.0,0.0,0.0,0.0,2,0.0,0.0,1,0.0,0.0,0.0,5,5,0.0,0.0,1,0.0,0.0,0.0,0.0,3,0.0,0.0,0.0,0.0,0.0,3,0.0,4,4,2,0.0,0.0,0.0,1,0.0,6,23,33,11.0,0.0,0.0,0.0,0.0,5,0.0,0.0,0.0,0.0,1,0.0,5,13,0.0,2,1,0.0,0.0,0.0,2,0.0,0.0
1,0.0,4,6,0.0,3,4,0.0,3,0.0,0.0,0.0,0.0,1,0.0,4,1,0.0,0.0,21,2,0.0,0.0,0.0,0.0,0.0,0.0,0.0,0.0,0.0,0.0,0.0,0.0,0.0,1,0.0,3,0.0,7,6,0.0,0.0,0.0,1,0.0,0.0,0.0,7,0.0,0.0,0.0,0.0,1,3,0.0,2,1,6,0.0,1,0.0,0.0,0.0,1,25,35,11.666666666666666,0.0,0.0,1,1,2,0.0,1,5,0.0,0.0,0.0,2,11,0.0,0.0,0.0,0.0,0.0,4,2,0.0,0.0
1,0.0,2,2,0.0,0.0,0.0,0.0,1,1,0.0,0.0,0.0,0.0,0.0,1,0.0,0.0,0.0,7,0.0,1,0.0,0.0,0.0,0.0,0.0,0.0,0.0,0.0,0.0,0.0,0.0,0.0,0.0,0.0,0.0,0.0,0.0,1,0.0,1,0.0,2,0.0,0.0,0.0,2,0.0,0.0,0.0,1,0.0,2,0.0,2,1,1,0.0,0.0,0.0,0.0,1,1,8,8,4.0,0.0,0.0,1,1,0.0,0.0,0.0,2,0.0,0.0,0.0,0.0,3,0.0,0.0,0.0,0.0,0.0,0.0,1,1,0.0
0.0,0.0,0.0,3,0.0,0.0,0.0,0.0,0.0,0.0,0.0,0.0,0.0,1,0.0,0.0,0.0,0.0,0.0,0.0,0.0,1,0.0,0.0,0.0,0.0,0.0,0.0,0.0,0.0,0.0,0.0,0.0,0.0,0.0,0.0,0.0,0.0,2,3,0.0,0.0,0.0,0.0,0.0,0.0,0.0,0.0,0.0,0.0,0.0,0.0,0.0,2,0.0,0.0,0.0,0.0,0.0,0.0,0.0,0.0,0.0,0.0,5,7,3.5,0.0,0.0,0.0,0.0,0.0,0.0,0.0,0.0,0.0,0.0,0.0,0.0,0.0,0.0,0.0,0.0,0.0,0.0,0.0,0.0,0.0,0.0
0.0,1,2,4,0.0,0.0,0.0,1,0.0,0.0,0.0,0.0,0.0,1,1,1,0.0,0.0,0.0,4,0.0,1,0.0,1,0.0,0.0,0.0,0.0,0.0,0.0,0.0,0.0,0.0,0.0,0.0,0.0,0.0,0.0,5,3,0.0,1,1,2,0.0,0.0,0.0,0.0,0.0,0.0,1,0.0,0.0,2,0.0,0.0,1,0.0,0.0,0.0,0.0,0.0,0.0,1,10,15,7.5,0.0,0.0,1,0.0,0.0,0.0,0.0,0.0,0.0,0.0,0.0,1,2,1,0.0,0.0,0.0,0.0,0.0,0.0,0.0,0.0
0.0,1,3,3,0.0,0.0,1,1,1,1,0.0,0.0,0.0,1,0.0,3,0.0,0.0,0.0,23,2,0.0,0.0,0.0,1,0.0,0.0,1,0.0,0.0,0.0,0.0,0.0,0.0,0.0,0.0,0.0,0.0,0.0,0.0,2,0.0,4,3,0.0,0.0,0.0,2,0.0,0.0,0.0,0.0,0.0,1,0.0,6,9,2,0.0,1,3,0.0,0.0,4,22,24,24.0,1,1,2,1,2,0.0,0.0,6,0.0,1,0.0,3,12,1,0.0,0.0,1,0.0,2,5,2,0.0
3,2,0.0,4,0.0,0.0,1,0.0,2,3,0.0,1,0.0,1,1,4,1,0.0,0.0,24,0.0,0.0,0.0,0.0,1,1,0.0,0.0,0.0,0.0,3,0.0,3,0.0,1,0.0,0.0,0.0,8,4,0.0,1,2,0.0,1,0.0,0.0,1,0.0,0.0,0.0,1,0.0,2,0.0,5,5,1,0.0,0.0,0.0,0.0,1,5,26,35,17.5,3,0.0,0.0,1,1,0.0,0.0,1,0.0,1,0.0,1,14,0.0,1,0.0,0.0,0.0,0.0,5,0.0,0.0
0.0,0.0,0.0,3,0.0,0.0,2,0.0,1,0.0,0.0,0.0,1,1,0.0,1,1,0.0,0.0,15,0.0,0.0,2,0.0,0.0,0.0,0.0,0.0,0.0,0.0,0.0,0.0,0.0,0.0,0.0,0.0,0.0,0.0,2,4,0.0,0.0,1,0.0,1,0.0,0.0,0.0,0.0,0.0,0.0,0.0,0.0,2,0.0,6,3,0.0,0.0,0.0,0.0,1,0.0,1,20,23,11.5,6,0.0,0.0,2,1,0.0,0.0,5,2,0.0,1,0.0,6,0.0,0.0,1,0.0,0.0,3,1,0.0,0.0
0.0,0.0,0.0,3,0.0,0.0,1,0.0,0.0,0.0,0.0,0.0,0.0,1,0.0,2,0.0,0.0,0.0,24,0.0,0.0,0.0,0.0,0.0,0.0,0.0,0.0,0.0,1,0.0,0.0,0.0,0.0,1,0.0,0.0,0.0,4,4,0.0,2,0.0,0.0,0.0,0.0,0.0,7,0.0,0.0,0.0,2,0.0,2,0.0,9,0.0,1,0.0,0.0,0.0,0.0,7,0.0,21,27,13.5,10,1,1,0.0,0.0,0.0,0.0,7,0.0,0.0,0.0,3,4,0.0,0.0,0.0,0.0,0.0,6,3,0.0,0.0
0.0,0.0,2,3,0.0,0.0,1,0.0,0.0,0.0,0.0,0.0,0.0,1,0.0,0.0,0.0,0.0,0.0,10,0.0,0.0,0.0,0.0,0.0,0.0,0.0,0.0,0.0,1,0.0,0.0,0.0,0.0,0.0,0.0,0.0,0.0,5,4,0.0,0.0,1,2,0.0,0.0,0.0,3,0.0,0.0,0.0,0.0,0.0,2,0.0,5,1,3,0.0,0.0,0.0,1,0.0,1,23,30,15.0,0.0,1,2,0.0,0.0,0.0,0.0,2,1,0.0,0.0,0.0,6,0.0,0.0,0.0,0.0,0.0,2,4,1,0.0
0.0,0.0,1,5,0.0,0.0,1,0.0,2,1,0.0,0.0,0.0,1,2,2,1,0.0,0.0,28,0.0,0.0,0.0,0.0,2,0.0,0.0,0.0,0.0,0.0,0.0,3,0.0,0.0,0.0,0.0,0.0,1,5,4,0.0,0.0,2,1,0.0,0.0,0.0,10,0.0,0.0,0.0,0.0,0.0,2,1,6,9,4,0.0,0.0,0.0,0.0,6,2,24,31,15.5,0.0,0.0,2,3,3,0.0,0.0,4,0.0,1,0.0,2,8,0.0,0.0,0.0,0.0,0.0,0.0,2,1,0.0
0.0,0.0,6,4,0.0,0.0,0.0,0.0,1,0.0,0.0,0.0,0.0,1,1,1,2,0.0,0.0,20,0.0,0.0,0.0,0.0,0.0,1,0.0,0.0,0.0,0.0,0.0,0.0,0.0,0.0,0.0,0.0,0.0,0.0,5,4,0.0,0.0,1,6,0.0,0.0,0.0,3,0.0,0.0,0.0,0.0,0.0,2,0.0,7,4,0.0,0.0,0.0,0.0,0.0,3,1,20,28,14.0,3,3,0.0,3,0.0,0.0,0.0,10,1,0.0,1,3,6,1,0.0,0.0,1,0.0,7,2,0.0,0.0
0.0,2,1,5,0.0,0.0,1,0.0,1,0.0,0.0,0.0,0.0,1,2,3,2,0.0,0.0,15,1,0.0,0.0,1,0.0,1,0.0,0.0,0.0,0.0,0.0,0.0,0.0,1,0.0,0.0,1,0.0,2,4,0.0,1,1,0.0,0.0,0.0,0.0,4,0.0,0.0,0.0,0.0,0.0,2,0.0,4,0.0,4,0.0,3,0.0,0.0,0.0,1,23,26,13.0,2,1,1,0.0,4,0.0,0.0,1,0.0,0.0,1,2,7,0.0,0.0,0.0,0.0,0.0,0.0,1,0.0,0.0
0.0,0.0,0.0,3,0.0,0.0,1,0.0,0.0,0.0,0.0,0.0,0.0,1,0.0,0.0,0.0,1,0.0,14,0.0,0.0,0.0,0.0,0.0,0.0,0.0,0.0,0.0,0.0,0.0,0.0,0.0,0.0,0.0,0.0,0.0,0.0,5,4,0.0,1,1,0.0,0.0,0.0,0.0,4,0.0,0.0,0.0,1,0.0,1,0.0,4,5,1,0.0,0.0,0.0,1,3,1,18,26,26.0,3,0.0,0.0,3,0.0,0.0,0.0,6,0.0,0.0,0.0,0.0,2,0.0,0.0,1,0.0,0.0,3,0.0,0.0,0.0
0.0,0.0,4,4,0.0,0.0,0.0,0.0,0.0,0.0,0.0,0.0,0.0,1,2,1,2,0.0,0.0,20,0.0,0.0,0.0,0.0,0.0,0.0,0.0,0.0,0.0,0.0,0.0,0.0,0.0,0.0,0.0,0.0,0.0,0.0,5,3,0.0,0.0,0.0,4,0.0,0.0,0.0,9,0.0,0.0,0.0,0.0,0.0,1,0.0,5,0.0,6,0.0,3,0.0,0.0,3,0.0,21,28,28.0,3,0.0,1,0.0,3,0.0,0.0,5,0.0,0.0,0.0,4,6,0.0,0.0,0.0,0.0,0.0,4,4,1,0.0
0.0,0.0,0.0,4,0.0,0.0,0.0,0.0,1,0.0,0.0,0.0,1,1,1,1,2,0.0,0.0,16,0.0,0.0,0.0,0.0,1,0.0,0.0,0.0,0.0,0.0,0.0,1,0.0,0.0,0.0,0.0,0.0,0.0,2,4,0.0,0.0,3,0.0,1,0.0,0.0,0.0,5,0.0,2,0.0,0.0,2,0.0,6,3,0.0,0.0,0.0,0.0,0.0,0.0,3,20,26,13.0,0.0,0.0,0.0,1,2,0.0,0.0,3,0.0,3,0.0,1,9,0.0,0.0,0.0,0.0,0.0,2,3,0.0,0.0
0.0,0.0,1,4,0.0,0.0,1,0.0,2,0.0,0.0,0.0,0.0,1,1,2,1,0.0,0.0,21,0.0,0.0,0.0,0.0,1,1,1,0.0,0.0,0.0,0.0,0.0,0.0,0.0,0.0,0.0,0.0,0.0,8,4,0.0,0.0,2,1,0.0,0.0,0.0,1,0.0,0.0,0.0,0.0,0.0,2,0.0,4,8,1,0.0,0.0,0.0,0.0,0.0,2,24,34,17.0,6,0.0,1,2,0.0,0.0,0.0,6,0.0,0.0,0.0,1,10,0.0,0.0,0.0,0.0,0.0,3,4,1,0.0
0.0,0.0,2,4,0.0,0.0,1,1,1,0.0,0.0,0.0,0.0,1,0.0,2,0.0,1,0.0,15,0.0,0.0,0.0,0.0,2,0.0,1,0.0,0.0,0.0,0.0,0.0,1,1,0.0,0.0,0.0,0.0,0.0,2,0.0,0.0,2,2,0.0,0.0,0.0,0.0,0.0,0.0,0.0,0.0,0.0,2,0.0,6,4,0.0,0.0,0.0,0.0,0.0,0.0,2,21,22,11.0,0.0,1,0.0,3,0.0,0.0,0.0,7,0.0,0.0,0.0,2,6,1,0.0,0.0,1,0.0,3,2,0.0,0.0
0.0,1,1,3,0.0,0.0,4,0.0,1,3,0.0,5,0.0,1,0.0,2,0.0,0.0,0.0,23,0.0,0.0,0.0,0.0,0.0,0.0,0.0,0.0,0.0,0.0,3,0.0,0.0,0.0,0.0,0.0,0.0,1,5,4,0.0,0.0,0.0,1,0.0,0.0,0.0,3,0.0,0.0,0.0,0.0,0.0,2,0.0,3,3,1,0.0,0.0,0.0,0.0,2,0.0,22,31,15.5,0.0,0.0,1,0.0,5,0.0,0.0,5,0.0,0.0,0.0,2,10,0.0,0.0,0.0,0.0,0.0,4,4,1,0.0
1,1,1,5,0.0,0.0,1,0.0,2,0.0,0.0,0.0,1,1,2,3,1,0.0,0.0,22,1,0.0,0.0,0.0,1,0.0,0.0,0.0,0.0,0.0,0.0,0.0,0.0,0.0,1,0.0,0.0,0.0,0.0,4,0.0,0.0,1,0.0,0.0,0.0,0.0,4,0.0,0.0,0.0,0.0,0.0,2,0.0,3,5,2,0.0,0.0,0.0,0.0,1,2,23,25,12.5,3,0.0,1,1,1,0.0,0.0,5,0.0,1,0.0,1,13,0.0,1,0.0,0.0,0.0,3,6,0.0,1
0.0,1,4,3,0.0,0.0,2,0.0,2,0.0,0.0,0.0,0.0,1,1,2,3,0.0,0.0,25,0.0,0.0,0.0,0.0,0.0,1,0.0,0.0,0.0,0.0,0.0,3,0.0,0.0,0.0,0.0,1,1,5,3,0.0,0.0,1,3,0.0,0.0,0.0,5,0.0,0.0,0.0,0.0,0.0,1,0.0,5,0.0,5,0.0,3,0.0,0.0,0.0,1,23,31,31.0,6,0.0,0.0,0.0,7,0.0,1,4,0.0,0.0,0.0,1,11,0.0,0.0,0.0,0.0,0.0,3,3,0.0,1
0.0,0.0,3,3,0.0,0.0,1,0.0,2,0.0,0.0,0.0,0.0,1,0.0,3,0.0,0.0,0.0,16,0.0,0.0,0.0,1,0.0,0.0,0.0,0.0,0.0,0.0,0.0,1,0.0,0.0,0.0,1,0.0,0.0,2,4,0.0,1,0.0,3,0.0,0.0,0.0,0.0,0.0,0.0,0.0,0.0,0.0,2,0.0,6,0.0,0.0,0.0,1,0.0,0.0,0.0,0.0,23,26,13.0,3,0.0,1,0.0,4,0.0,2,3,0.0,2,0.0,1,8,0.0,0.0,0.0,0.0,0.0,3,4,0.0,0.0
0.0,0.0,2,3,0.0,0.0,2,0.0,0.0,1,1,0.0,0.0,1,0.0,2,0.0,0.0,0.0,23,0.0,0.0,0.0,0.0,1,0.0,0.0,0.0,0.0,0.0,0.0,0.0,3,0.0,0.0,0.0,0.0,0.0,2,4,0.0,0.0,3,2,0.0,0.0,0.0,1,0.0,0.0,1,0.0,0.0,2,0.0,4,3,1,0.0,0.0,1,0.0,0.0,3,23,28,14.0,4,0.0,2,1,0.0,0.0,0.0,8,0.0,0.0,0.0,2,7,0.0,0.0,0.0,0.0,0.0,6,2,0.0,1
1,1,1,5,1,0.0,3,0.0,1,0.0,0.0,3,0.0,1,3,4,0.0,0.0,0.0,22,0.0,0.0,0.0,0.0,0.0,0.0,0.0,0.0,1,0.0,0.0,0.0,0.0,0.0,0.0,0.0,1,0.0,0.0,3,0.0,1,1,0.0,0.0,0.0,0.0,1,0.0,0.0,1,0.0,0.0,1,0.0,4,3,0.0,1,0.0,0.0,0.0,1,2,23,27,27.0,4,3,2,0.0,3,1,0.0,4,0.0,0.0,3,1,11,1,1,0.0,0.0,0.0,0.0,4,1,0.0
1,2,1,2,0.0,0.0,3,0.0,1,0.0,0.0,2,2,1,0.0,3,1,0.0,0.0,21,0.0,0.0,0.0,0.0,0.0,0.0,0.0,0.0,0.0,0.0,0.0,0.0,0.0,0.0,1,0.0,0.0,0.0,2,3,0.0,0.0,0.0,1,2,0.0,0.0,9,0.0,0.0,0.0,0.0,0.0,1,0.0,1,0.0,7,0.0,0.0,0.0,0.0,1,1,27,33,33.0,0.0,0.0,1,0.0,4,0.0,0.0,1,0.0,0.0,0.0,3,11,0.0,1,0.0,0.0,0.0,1,4,0.0,0.0
0.0,0.0,2,1,0.0,0.0,1,0.0,0.0,0.0,0.0,0.0,1,0.0,0.0,0.0,0.0,0.0,0.0,4,0.0,1,0.0,0.0,0.0,0.0,0.0,0.0,0.0,0.0,0.0,0.0,0.0,0.0,0.0,0.0,2,0.0,0.0,0.0,0.0,0.0,0.0,0.0,0.0,0.0,0.0,0.0,0.0,0.0,0.0,0.0,0.0,1,0.0,1,2,0.0,0.0,0.0,0.0,0.0,0.0,0.0,4,4,4.0,0.0,0.0,0.0,0.0,1,0.0,0.0,0.0,2,0.0,0.0,0.0,1,0.0,0.0,0.0,0.0,0.0,0.0,0.0,0.0,0.0
0.0,1,3,3,0.0,0.0,1,0.0,1,0.0,0.0,0.0,0.0,0.0,1,2,0.0,0.0,1,20,0.0,0.0,0.0,0.0,0.0,1,0.0,0.0,0.0,0.0,0.0,0.0,0.0,0.0,0.0,0.0,0.0,0.0,0.0,2,0.0,0.0,2,3,0.0,0.0,0.0,1,0.0,0.0,1,0.0,0.0,2,0.0,5,1,0.0,0.0,1,0.0,0.0,1,2,19,22,11.0,9,0.0,2,0.0,1,0.0,0.0,4,0.0,0.0,0.0,4,6,0.0,0.0,0.0,0.0,0.0,3,1,1,0.0
3,3,1,4,0.0,0.0,1,0.0,2,0.0,0.0,0.0,0.0,1,2,3,1,0.0,0.0,28,0.0,0.0,0.0,0.0,1,0.0,0.0,0.0,0.0,0.0,0.0,3,0.0,0.0,0.0,0.0,0.0,0.0,0.0,3,0.0,0.0,2,1,0.0,0.0,0.0,10,0.0,0.0,0.0,0.0,0.0,1,0.0,2,2,7,0.0,2,1,0.0,3,5,24,27,27.0,1,2,0.0,1,5,0.0,0.0,3,0.0,1,1,2,15,0.0,0.0,0.0,0.0,0.0,0.0,3,1,0.0
1,2,1,2,0.0,0.0,0.0,0.0,1,4,4,0.0,0.0,1,0.0,5,1,0.0,0.0,23,0.0,0.0,0.0,0.0,2,0.0,0.0,0.0,0.0,0.0,0.0,0.0,0.0,0.0,0.0,0.0,1,0.0,2,3,0.0,3,2,0.0,1,0.0,0.0,5,0.0,0.0,0.0,3,0.0,1,0.0,1,5,5,0.0,0.0,0.0,0.0,0.0,3,27,30,30.0,3,0.0,2,2,0.0,0.0,0.0,3,0.0,0.0,1,1,10,0.0,0.0,0.0,0.0,0.0,1,4,0.0,0.0
1,0.0,2,1,0.0,0.0,0.0,0.0,0.0,0.0,0.0,0.0,0.0,0.0,0.0,1,1,0.0,0.0,17,0.0,1,0.0,0.0,0.0,0.0,0.0,0.0,0.0,0.0,0.0,0.0,0.0,3,0.0,0.0,0.0,0.0,0.0,0.0,0.0,0.0,0.0,2,0.0,0.0,0.0,0.0,0.0,0.0,0.0,0.0,0.0,1,0.0,7,2,0.0,0.0,1,0.0,0.0,0.0,1,16,17,17.0,9,0.0,0.0,0.0,1,0.0,0.0,6,0.0,0.0,0.0,0.0,4,0.0,0.0,0.0,0.0,0.0,4,2,2,0.0
0.0,0.0,1,0.0,0.0,0.0,1,0.0,0.0,0.0,0.0,0.0,0.0,0.0,0.0,1,0.0,0.0,0.0,15,0.0,0.0,0.0,0.0,0.0,0.0,1,0.0,0.0,0.0,0.0,1,0.0,0.0,0.0,0.0,0.0,1,0.0,0.0,0.0,0.0,0.0,1,1,0.0,0.0,7,0.0,0.0,0.0,0.0,0.0,1,0.0,4,2,7,0.0,0.0,0.0,0.0,0.0,0.0,15,16,16.0,1,0.0,1,2,1,1,0.0,2,0.0,0.0,1,0.0,3,0.0,0.0,0.0,0.0,0.0,0.0,2,0.0,0.0
1,0.0,0.0,5,0.0,0.0,2,1,2,0.0,0.0,0.0,0.0,2,0.0,2,0.0,0.0,0.0,9,0.0,0.0,0.0,0.0,0.0,0.0,0.0,0.0,1,0.0,0.0,0.0,0.0,0.0,0.0,0.0,0.0,0.0,2,4,0.0,1,0.0,0.0,0.0,0.0,1,0.0,0.0,0.0,0.0,0.0,0.0,2,0.0,2,2,0.0,0.0,0.0,0.0,0.0,0.0,1,14,17,8.5,0.0,0.0,1,0.0,0.0,1,0.0,0.0,0.0,0.0,1,2,6,1,0.0,0.0,1,0.0,0.0,1,0.0,0.0
1,0.0,0.0,4,0.0,0.0,1,0.0,1,0.0,0.0,0.0,0.0,1,0.0,2,3,0.0,0.0,18,0.0,0.0,0.0,0.0,0.0,1,0.0,0.0,1,0.0,0.0,3,0.0,0.0,0.0,0.0,0.0,0.0,4,5,0.0,1,1,0.0,0.0,0.0,0.0,1,0.0,0.0,0.0,0.0,0.0,3,0.0,4,3,0.0,0.0,0.0,0.0,0.0,0.0,2,23,32,10.666666666666666,3,0.0,2,0.0,3,2,0.0,2,0.0,0.0,1,1,8,0.0,0.0,2,0.0,0.0,2,3,0.0,0.0
0.0,3,1,6,0.0,0.0,0.0,0.0,2,0.0,0.0,3,0.0,1,2,3,0.0,0.0,0.0,18,0.0,1,0.0,0.0,1,1,0.0,0.0,0.0,0.0,0.0,0.0,0.0,0.0,0.0,1,1,0.0,2,4,0.0,0.0,5,0.0,0.0,0.0,0.0,0.0,0.0,1,0.0,0.0,0.0,3,0.0,5,4,0.0,0.0,0.0,2,1,0.0,5,24,28,9.333333333333334,2,0.0,0.0,4,4,0.0,1,5,0.0,0.0,2,1,12,0.0,0.0,1,0.0,0.0,1,1,0.0,0.0
0.0,0.0,3,3,0.0,0.0,1,0.0,0.0,0.0,0.0,0.0,0.0,1,0.0,1,1,0.0,0.0,11,0.0,0.0,0.0,0.0,0.0,1,0.0,0.0,0.0,0.0,0.0,0.0,0.0,0.0,0.0,0.0,0.0,0.0,2,4,0.0,0.0,2,3,0.0,0.0,0.0,0.0,0.0,0.0,0.0,0.0,0.0,2,0.0,6,3,0.0,0.0,0.0,0.0,1,0.0,2,21,24,12.0,3,3,0.0,0.0,0.0,0.0,0.0,3,0.0,0.0,1,0.0,6,0.0,0.0,1,0.0,0.0,3,2,0.0,0.0
0.0,2,2,4,0.0,0.0,3,0.0,1,0.0,0.0,3,0.0,1,1,2,2,0.0,0.0,22,0.0,0.0,0.0,0.0,0.0,0.0,0.0,0.0,0.0,0.0,0.0,0.0,0.0,0.0,1,0.0,0.0,0.0,7,4,0.0,0.0,2,2,0.0,0.0,0.0,3,0.0,0.0,0.0,0.0,0.0,2,0.0,4,2,1,0.0,0.0,1,1,1,2,27,37,18.5,0.0,1,1,0.0,3,0.0,0.0,5,0.0,0.0,0.0,3,12,4,0.0,1,4,3,5,3,1,0.0
0.0,0.0,0.0,3,0.0,0.0,2,0.0,1,0.0,0.0,0.0,0.0,1,0.0,5,0.0,0.0,3,25,0.0,0.0,0.0,0.0,0.0,0.0,0.0,0.0,0.0,1,0.0,0.0,0.0,0.0,4,0.0,0.0,1,8,4,0.0,2,0.0,0.0,0.0,0.0,0.0,9,0.0,0.0,0.0,2,0.0,2,0.0,7,1,4,0.0,0.0,0.0,0.0,1,0.0,23,34,17.0,3,1,1,0.0,0.0,0.0,0.0,1,1,3,1,2,7,0.0,0.0,0.0,0.0,0.0,0.0,4,0.0,0.0
0.0,1,0.0,5,0.0,0.0,2,0.0,2,0.0,0.0,0.0,3,1,2,2,1,0.0,0.0,24,0.0,0.0,1,0.0,0.0,1,0.0,0.0,0.0,1,0.0,2,1,0.0,0.0,0.0,0.0,1,7,4,0.0,0.0,1,0.0,3,0.0,0.0,5,3,0.0,0.0,0.0,0.0,2,0.0,3,2,1,0.0,0.0,0.0,0.0,4,1,26,35,17.5,0.0,1,0.0,1,5,0.0,0.0,2,1,3,0.0,5,10,0.0,0.0,0.0,0.0,0.0,0.0,3,0.0,0.0
0.0,0.0,3,5,0.0,0.0,0.0,0.0,0.0,0.0,0.0,0.0,0.0,1,1,1,1,0.0,0.0,18,0.0,1,0.0,0.0,0.0,0.0,0.0,0.0,0.0,0.0,0.0,0.0,0.0,0.0,0.0,0.0,0.0,0.0,0.0,4,0.0,0.0,1,3,0.0,0.0,0.0,7,0.0,0.0,1,0.0,0.0,3,0.0,4,7,4,0.0,0.0,0.0,0.0,3,1,15,15,5.0,0.0,0.0,2,0.0,0.0,0.0,0.0,1,0.0,0.0,3,1,3,0.0,0.0,0.0,0.0,0.0,0.0,1,1,0.0
0.0,0.0,0.0,8,0.0,0.0,0.0,0.0,0.0,0.0,0.0,0.0,0.0,3,2,1,0.0,0.0,0.0,13,0.0,1,0.0,0.0,0.0,1,0.0,0.0,0.0,0.0,0.0,0.0,3,0.0,0.0,0.0,0.0,0.0,7,6,0.0,0.0,1,0.0,0.0,0.0,0.0,7,0.0,0.0,0.0,0.0,0.0,2,0.0,6,0.0,3,1,0.0,0.0,0.0,4,1,17,26,13.0,0.0,0.0,0.0,1,0.0,0.0,0.0,1,0.0,0.0,0.0,1,4,1,0.0,0.0,1,0.0,0.0,3,0.0,0.0
2,0.0,6,3,1,1,2,0.0,1,0.0,0.0,1,0.0,0.0,1,5,2,0.0,0.0,20,0.0,1,0.0,0.0,0.0,1,0.0,0.0,0.0,0.0,0.0,1,0.0,0.0,0.0,0.0,6,0.0,0.0,1,0.0,1,1,0.0,0.0,0.0,0.0,1,0.0,1,0.0,1,0.0,2,0.0,5,5,1,0.0,1,0.0,0.0,0.0,3,23,25,12.5,0.0,0.0,2,0.0,4,0.0,2,1,3,0.0,0.0,2,10,0.0,0.0,0.0,0.0,0.0,1,2,0.0,0.0
1,0.0,6,6,1,0.0,3,0.0,0.0,4,0.0,3,0.0,1,1,1,1,1,0.0,22,0.0,0.0,1,0.0,0.0,0.0,0.0,3,0.0,1,1,0.0,2,0.0,0.0,0.0,4,0.0,2,5,0.0,0.0,0.0,2,0.0,0.0,0.0,1,0.0,3,0.0,0.0,0.0,2,0.0,5,3,1,0.0,0.0,0.0,0.0,0.0,1,22,28,14.0,0.0,3,2,1,3,0.0,0.0,5,0.0,0.0,0.0,1,7,0.0,1,0.0,0.0,0.0,4,2,0.0,0.0
1,0.0,3,3,0.0,0.0,3,0.0,0.0,0.0,0.0,0.0,0.0,1,1,3,2,0.0,0.0,21,0.0,0.0,0.0,0.0,0.0,1,0.0,0.0,1,0.0,0.0,1,0.0,0.0,0.0,0.0,3,1,2,3,0.0,1,1,0.0,0.0,0.0,0.0,4,0.0,3,0.0,0.0,0.0,1,0.0,5,2,0.0,0.0,0.0,0.0,0.0,4,2,26,31,31.0,3,3,2,0.0,1,1,0.0,3,0.0,0.0,2,1,7,0.0,1,0.0,0.0,0.0,0.0,1,0.0,3
0.0,0.0,0.0,3,0.0,0.0,1,0.0,1,0.0,0.0,3,0.0,2,0.0,1,1,0.0,0.0,15,0.0,0.0,0.0,0.0,0.0,0.0,0.0,0.0,0.0,0.0,0.0,0.0,0.0,0.0,3,0.0,0.0,0.0,7,3,0.0,0.0,0.0,0.0,0.0,0.0,0.0,7,0.0,0.0,0.0,0.0,0.0,1,0.0,6,1,3,0.0,0.0,0.0,0.0,1,0.0,23,31,31.0,1,0.0,1,1,3,0.0,0.0,2,0.0,1,0.0,0.0,5,0.0,0.0,0.0,0.0,0.0,0.0,2,0.0,1
0.0,3,1,4,0.0,0.0,2,0.0,0.0,0.0,0.0,6,0.0,1,1,0.0,0.0,0.0,0.0,15,0.0,0.0,0.0,1,0.0,0.0,0.0,0.0,0.0,0.0,0.0,0.0,0.0,0.0,0.0,0.0,0.0,0.0,5,3,0.0,1,0.0,1,0.0,1,0.0,2,0.0,0.0,0.0,0.0,0.0,2,0.0,7,1,1,0.0,0.0,0.0,0.0,0.0,0.0,21,28,14.0,1,0.0,1,0.0,6,0.0,0.0,1,0.0,0.0,0.0,0.0,8,0.0,0.0,0.0,0.0,0.0,1,3,0.0,0.0
2,2,1,3,0.0,0.0,2,0.0,4,0.0,0.0,0.0,0.0,1,0.0,4,0.0,0.0,0.0,18,0.0,0.0,0.0,0.0,1,0.0,0.0,0.0,1,0.0,0.0,0.0,0.0,0.0,0.0,0.0,0.0,0.0,2,4,0.0,1,1,1,0.0,0.0,0.0,2,0.0,0.0,0.0,0.0,0.0,2,0.0,5,2,1,0.0,0.0,0.0,0.0,1,3,23,27,13.5,0.0,0.0,0.0,1,0.0,0.0,0.0,5,0.0,1,2,3,13,0.0,0.0,0.0,0.0,0.0,3,2,1,0.0
1,1,2,3,0.0,0.0,1,0.0,2,0.0,0.0,0.0,1,1,0.0,2,1,0.0,0.0,20,0.0,0.0,0.0,0.0,0.0,0.0,0.0,0.0,0.0,0.0,0.0,0.0,0.0,0.0,0.0,0.0,0.0,0.0,4,4,0.0,0.0,0.0,2,1,0.0,0.0,6,0.0,0.0,0.0,0.0,0.0,2,0.0,3,0.0,6,0.0,0.0,0.0,0.0,0.0,1,27,32,16.0,2,0.0,1,0.0,1,0.0,0.0,2,0.0,0.0,0.0,2,9,0.0,0.0,0.0,0.0,0.0,1,3,1,0.0
1,0.0,4,4,0.0,0.0,1,0.0,3,0.0,0.0,0.0,0.0,1,1,4,0.0,0.0,0.0,20,1,0.0,0.0,0.0,1,0.0,0.0,0.0,0.0,0.0,0.0,1,0.0,0.0,0.0,0.0,2,0.0,11,3,2,0.0,2,2,0.0,0.0,0.0,3,0.0,0.0,1,0.0,0.0,1,0.0,5,4,0.0,0.0,0.0,0.0,0.0,3,3,25,38,38.0,0.0,0.0,1,1,3,0.0,1,4,0.0,0.0,0.0,6,9,1,0.0,0.0,1,0.0,0.0,2,2,1
1,2,0.0,4,0.0,0.0,2,0.0,1,0.0,0.0,0.0,1,1,1,2,0.0,0.0,0.0,20,0.0,0.0,0.0,0.0,0.0,0.0,0.0,0.0,0.0,0.0,0.0,0.0,0.0,0.0,0.0,0.0,0.0,0.0,4,4,0.0,4,0.0,0.0,2,0.0,0.0,6,0.0,0.0,0.0,1,0.0,2,0.0,2,0.0,5,0.0,0.0,0.0,0.0,1,1,24,31,15.5,0.0,0.0,0.0,0.0,1,1,0.0,1,0.0,0.0,0.0,2,13,0.0,0.0,0.0,0.0,0.0,1,7,0.0,0.0
0.0,2,1,3,0.0,0.0,3,1,1,0.0,0.0,0.0,1,1,0.0,4,0.0,0.0,0.0,17,0.0,0.0,0.0,0.0,0.0,0.0,0.0,0.0,0.0,0.0,0.0,0.0,0.0,1,1,0.0,1,0.0,2,6,0.0,0.0,0.0,0.0,0.0,0.0,0.0,2,0.0,0.0,0.0,0.0,0.0,1,0.0,4,3,1,0.0,0.0,0.0,0.0,0.0,0.0,21,26,26.0,1,0.0,2,0.0,1,0.0,0.0,2,0.0,1,2,1,8,1,0.0,0.0,0.0,0.0,1,3,1,0.0
0.0,1,3,4,0.0,0.0,1,0.0,3,0.0,0.0,0.0,0.0,1,1,3,1,0.0,0.0,18,0.0,1,0.0,0.0,1,1,0.0,0.0,3,0.0,0.0,0.0,0.0,0.0,0.0,0.0,0.0,0.0,11,3,0.0,3,2,3,0.0,0.0,0.0,3,0.0,0.0,0.0,0.0,0.0,2,0.0,5,1,3,0.0,1,0.0,0.0,0.0,2,27,39,19.5,1,0.0,2,1,1,0.0,0.0,3,0.0,1,0.0,2,11,0.0,0.0,0.0,0.0,0.0,0.0,4,2,0.0
0.0,2,3,2,3,0.0,0.0,0.0,3,1,0.0,1,1,1,0.0,2,4,0.0,0.0,16,0.0,0.0,0.0,0.0,0.0,0.0,0.0,1,0.0,0.0,0.0,0.0,0.0,0.0,0.0,0.0,3,0.0,2,3,0.0,0.0,0.0,0.0,1,0.0,0.0,1,0.0,0.0,0.0,0.0,0.0,1,0.0,5,0.0,0.0,0.0,1,0.0,0.0,1,0.0,24,30,30.0,0.0,0.0,1,0.0,3,0.0,0.0,3,0.0,0.0,0.0,4,9,0.0,0.0,0.0,0.0,0.0,3,1,0.0,0.0
1,4,0.0,4,0.0,0.0,0.0,0.0,1,0.0,0.0,0.0,1,1,1,1,3,0.0,0.0,14,0.0,0.0,0.0,0.0,0.0,0.0,0.0,0.0,0.0,0.0,0.0,0.0,0.0,0.0,0.0,2,0.0,0.0,0.0,4,0.0,1,1,0.0,0.0,0.0,0.0,1,0.0,0.0,0.0,1,0.0,2,0.0,5,1,1,0.0,0.0,0.0,1,0.0,2,21,24,12.0,1,0.0,0.0,0.0,1,0.0,0.0,0.0,0.0,0.0,1,0.0,12,0.0,0.0,1,0.0,0.0,0.0,1,0.0,0.0
0.0,1,3,2,0.0,0.0,2,0.0,1,0.0,0.0,0.0,0.0,1,0.0,2,0.0,0.0,0.0,18,0.0,0.0,0.0,0.0,0.0,0.0,0.0,0.0,0.0,0.0,0.0,0.0,0.0,0.0,1,0.0,3,0.0,2,3,0.0,0.0,0.0,0.0,1,0.0,0.0,4,0.0,0.0,0.0,0.0,0.0,1,0.0,3,0.0,3,0.0,0.0,0.0,0.0,0.0,0.0,24,30,30.0,3,0.0,1,0.0,0.0,0.0,0.0,5,0.0,0.0,1,1,7,1,0.0,0.0,1,0.0,2,3,0.0,3
1,0.0,3,3,0.0,0.0,1,0.0,0.0,0.0,0.0,1,2,1,1,1,0.0,0.0,0.0,18,0.0,0.0,0.0,0.0,0.0,0.0,1,0.0,0.0,0.0,0.0,0.0,0.0,0.0,0.0,0.0,0.0,0.0,5,3,0.0,0.0,1,3,2,0.0,0.0,2,0.0,0.0,0.0,0.0,0.0,1,0.0,4,5,2,0.0,0.0,1,0.0,0.0,2,22,28,28.0,0.0,0.0,4,4,3,1,0.0,4,0.0,0.0,0.0,1,7,0.0,0.0,0.0,0.0,0.0,0.0,4,0.0,0.0
0.0,0.0,0.0,4,0.0,0.0,2,0.0,1,0.0,0.0,0.0,0.0,1,2,1,2,0.0,0.0,18,0.0,0.0,1,0.0,0.0,1,4,0.0,0.0,1,0.0,1,1,0.0,0.0,0.0,0.0,1,0.0,3,0.0,0.0,1,0.0,0.0,0.0,0.0,0.0,3,0.0,0.0,0.0,0.0,1,0.0,9,5,0.0,0.0,0.0,0.0,0.0,0.0,1,18,21,21.0,3,0.0,0.0,5,1,0.0,0.0,5,0.0,3,0.0,1,8,0.0,0.0,0.0,0.0,0.0,0.0,2,0.0,0.0
0.0,0.0,1,5,0.0,0.0,2,0.0,1,0.0,0.0,0.0,0.0,1,0.0,1,0.0,0.0,0.0,22,1,0.0,0.0,0.0,0.0,0.0,0.0,0.0,0.0,0.0,0.0,0.0,0.0,0.0,0.0,0.0,0.0,1,7,6,0.0,0.0,1,1,0.0,0.0,0.0,9,0.0,0.0,0.0,0.0,0.0,4,0.0,4,1,8,0.0,0.0,0.0,1,1,1,24,35,8.75,8,3,2,0.0,1,1,0.0,8,0.0,0.0,0.0,1,8,0.0,0.0,1,0.0,0.0,6,4,1,0.0
1,1,1,3,0.0,0.0,2,0.0,1,0.0,0.0,1,0.0,1,1,3,2,0.0,0.0,18,1,0.0,0.0,0.0,1,0.0,0.0,0.0,0.0,0.0,0.0,0.0,0.0,0.0,1,1,0.0,0.0,0.0,3,0.0,0.0,1,1,0.0,0.0,0.0,2,0.0,0.0,0.0,0.0,0.0,1,0.0,5,5,0.0,0.0,1,0.0,0.0,1,2,18,21,21.0,0.0,0.0,0.0,1,3,0.0,1,5,0.0,2,0.0,2,9,0.0,1,0.0,0.0,0.0,4,1,0.0,0.0
0.0,1,3,4,0.0,0.0,1,0.0,1,1,0.0,0.0,0.0,1,0.0,3,0.0,0.0,0.0,21,2,0.0,0.0,0.0,0.0,0.0,0.0,1,0.0,0.0,0.0,0.0,0.0,0.0,0.0,0.0,0.0,0.0,5,3,2,0.0,3,3,0.0,0.0,0.0,2,0.0,0.0,0.0,0.0,0.0,1,0.0,5,7,2,0.0,1,3,0.0,0.0,3,23,30,30.0,1,1,2,0.0,2,0.0,0.0,5,0.0,1,0.0,3,11,0.0,0.0,0.0,0.0,0.0,2,5,2,0.0
1,2,2,4,0.0,0.0,2,1,4,0.0,0.0,0.0,1,1,1,5,1,0.0,0.0,19,1,0.0,0.0,0.0,1,0.0,0.0,0.0,0.0,0.0,0.0,0.0,0.0,0.0,0.0,0.0,0.0,0.0,7,4,0.0,0.0,2,2,0.0,0.0,0.0,3,0.0,0.0,0.0,0.0,0.0,2,0.0,3,4,1,0.0,0.0,0.0,1,2,3,25,33,16.5,0.0,0.0,2,1,2,0.0,0.0,3,2,0.0,2,3,12,1,2,0.0,1,0.0,1,1,1,0.0
0.0,0.0,2,7,0.0,0.0,1,0.0,0.0,0.0,0.0,0.0,0.0,1,2,2,1,0.0,0.0,14,0.0,1,0.0,0.0,0.0,0.0,0.0,0.0,0.0,0.0,0.0,0.0,0.0,0.0,0.0,0.0,0.0,0.0,11,5,0.0,0.0,1,2,0.0,0.0,0.0,7,0.0,0.0,1,0.0,0.0,3,0.0,3,1,7,0.0,0.0,0.0,0.0,0.0,1,19,30,10.0,1,1,1,0.0,0.0,0.0,0.0,3,0.0,0.0,0.0,3,4,0.0,0.0,0.0,0.0,0.0,1,1,1,0.0
0.0,1,0.0,5,0.0,0.0,2,0.0,0.0,0.0,0.0,3,0.0,1,1,4,1,0.0,0.0,21,0.0,1,0.0,0.0,0.0,0.0,0.0,0.0,0.0,0.0,0.0,0.0,0.0,0.0,4,0.0,0.0,0.0,2,4,0.0,0.0,0.0,0.0,0.0,0.0,0.0,11,0.0,0.0,0.0,0.0,0.0,3,0.0,7,0.0,7,0.0,0.0,0.0,0.0,0.0,0.0,21,23,7.666666666666667,0.0,0.0,0.0,0.0,3,0.0,0.0,3,0.0,3,1,0.0,6,1,0.0,0.0,1,0.0,3,2,0.0,0.0
0.0,0.0,0.0,3,0.0,0.0,1,0.0,2,0.0,0.0,0.0,1,1,0.0,2,0.0,0.0,0.0,21,0.0,0.0,0.0,0.0,0.0,1,0.0,0.0,0.0,0.0,0.0,0.0,0.0,0.0,0.0,1,0.0,0.0,10,4,0.0,1,2,0.0,0.0,0.0,0.0,3,0.0,0.0,0.0,1,0.0,2,0.0,4,1,3,0.0,0.0,0.0,1,0.0,2,24,37,18.5,3,0.0,2,3,1,0.0,0.0,10,0.0,1,0.0,1,10,0.0,0.0,1,0.0,0.0,4,4,0.0,3
0.0,0.0,5,2,0.0,0.0,2,0.0,0.0,0.0,0.0,0.0,0.0,1,0.0,4,1,0.0,0.0,21,0.0,0.0,0.0,0.0,1,0.0,0.0,0.0,0.0,0.0,0.0,0.0,0.0,0.0,0.0,0.0,3,0.0,5,3,0.0,0.0,2,2,0.0,0.0,0.0,1,0.0,0.0,1,0.0,0.0,1,0.0,6,2,1,0.0,0.0,0.0,0.0,0.0,2,23,29,29.0,6,0.0,0.0,1,1,0.0,1,11,0.0,0.0,0.0,1,8,0.0,0.0,0.0,0.0,0.0,7,3,0.0,3
1,2,1,5,0.0,0.0,0.0,0.0,1,0.0,0.0,0.0,0.0,1,2,3,0.0,0.0,0.0,25,0.0,0.0,0.0,0.0,0.0,0.0,0.0,0.0,0.0,0.0,0.0,0.0,3,0.0,0.0,0.0,0.0,0.0,5,4,0.0,0.0,0.0,1,0.0,0.0,0.0,8,3,0.0,0.0,0.0,0.0,2,0.0,3,5,8,0.0,0.0,0.0,0.0,0.0,1,25,31,15.5,3,0.0,1,0.0,0.0,0.0,0.0,4,0.0,0.0,2,1,7,0.0,1,0.0,0.0,0.0,3,4,1,0.0
1,0.0,4,5,0.0,0.0,2,0.0,1,0.0,0.0,0.0,0.0,1,0.0,1,1,2,0.0,22,0.0,0.0,0.0,0.0,0.0,2,1,0.0,0.0,0.0,0.0,0.0,0.0,0.0,0.0,0.0,0.0,1,7,4,0.0,0.0,3,4,0.0,0.0,0.0,5,0.0,0.0,0.0,0.0,0.0,1,0.0,2,2,1,0.0,0.0,0.0,1,4,4,28,37,37.0,1,3,1,1,0.0,0.0,0.0,6,0.0,0.0,2,0.0,11,0.0,0.0,1,0.0,0.0,4,3,1,0.0
0.0,0.0,3,5,0.0,0.0,1,1,0.0,0.0,0.0,0.0,0.0,1,3,2,0.0,1,0.0,20,0.0,0.0,0.0,0.0,0.0,0.0,0.0,0.0,0.0,0.0,0.0,0.0,0.0,0.0,0.0,0.0,1,0.0,0.0,1,0.0,0.0,1,2,0.0,0.0,0.0,4,3,0.0,0.0,0.0,0.0,1,0.0,8,5,4,0.0,0.0,0.0,1,0.0,1,19,20,20.0,0.0,0.0,0.0,3,0.0,0.0,0.0,7,0.0,0.0,0.0,2,4,1,0.0,1,1,0.0,3,2,0.0,1
1,0.0,1,4,0.0,0.0,0.0,0.0,0.0,3,0.0,0.0,0.0,1,0.0,1,1,0.0,0.0,10,0.0,1,0.0,0.0,0.0,0.0,0.0,0.0,0.0,0.0,3,0.0,0.0,0.0,0.0,0.0,0.0,0.0,5,4,0.0,0.0,0.0,1,0.0,0.0,0.0,1,0.0,0.0,0.0,0.0,0.0,3,0.0,5,0.0,0.0,0.0,0.0,0.0,0.0,1,1,15,20,6.666666666666667,1,1,1,0.0,0.0,0.0,0.0,2,0.0,0.0,0.0,0.0,3,1,0.0,0.0,1,0.0,0.0,1,1,0.0
1,1,1,2,0.0,0.0,1,0.0,0.0,0.0,0.0,0.0,0.0,1,0.0,0.0,3,0.0,0.0,19,0.0,0.0,0.0,0.0,0.0,1,0.0,0.0,0.0,0.0,0.0,0.0,0.0,0.0,0.0,0.0,0.0,0.0,2,3,0.0,0.0,1,1,0.0,0.0,0.0,5,3,0.0,0.0,0.0,0.0,1,0.0,6,3,1,0.0,0.0,0.0,0.0,4,2,20,24,24.0,0.0,1,2,3,0.0,2,0.0,7,0.0,0.0,0.0,0.0,8,0.0,0.0,0.0,0.0,0.0,3,1,1,0.0
0.0,0.0,2,2,0.0,0.0,2,0.0,0.0,0.0,0.0,0.0,1,1,0.0,1,1,0.0,0.0,22,1,0.0,0.0,0.0,0.0,0.0,0.0,0.0,0.0,0.0,0.0,0.0,0.0,0.0,0.0,0.0,0.0,0.0,8,3,0.0,0.0,1,2,1,0.0,0.0,4,3,0.0,1,0.0,0.0,1,0.0,3,4,1,0.0,0.0,0.0,0.0,3,1,23,35,35.0,0.0,1,2,0.0,2,1,0.0,5,0.0,1,0.0,0.0,9,0.0,0.0,0.0,0.0,0.0,4,5,2,0.0
0.0,0.0,3,4,0.0,0.0,2,0.0,1,0.0,0.0,1,0.0,1,2,1,1,0.0,0.0,19,0.0,0.0,0.0,0.0,0.0,0.0,0.0,0.0,0.0,0.0,0.0,0.0,0.0,3,0.0,1,3,0.0,4,3,0.0,0.0,0.0,0.0,0.0,0.0,0.0,4,0.0,0.0,0.0,0.0,0.0,1,0.0,5,0.0,1,0.0,0.0,0.0,0.0,3,0.0,22,28,28.0,7,0.0,2,0.0,2,1,1,4,0.0,0.0,1,0.0,7,0.0,0.0,0.0,0.0,0.0,3,2,0.0,1
0.0,1,1,3,0.0,0.0,1,0.0,1,0.0,0.0,0.0,0.0,1,0.0,3,1,0.0,0.0,24,0.0,0.0,0.0,3,0.0,0.0,0.0,0.0,0.0,0.0,0.0,0.0,0.0,0.0,1,0.0,0.0,0.0,7,4,0.0,3,0.0,1,0.0,0.0,0.0,8,0.0,0.0,0.0,0.0,0.0,2,0.0,3,7,4,0.0,0.0,0.0,0.0,3,0.0,26,34,17.0,3,0.0,0.0,4,0.0,0.0,0.0,5,0.0,0.0,3,0.0,6,0.0,0.0,0.0,0.0,0.0,0.0,2,1,0.0
0.0,1,3,5,0.0,0.0,4,0.0,0.0,0.0,0.0,0.0,1,1,1,2,1,0.0,0.0,19,0.0,0.0,0.0,0.0,0.0,0.0,0.0,0.0,0.0,0.0,0.0,1,1,0.0,0.0,0.0,2,0.0,5,4,1,0.0,1,1,1,0.0,0.0,2,0.0,0.0,0.0,0.0,0.0,2,0.0,2,3,0.0,0.0,0.0,1,0.0,2,1,25,33,16.5,3,0.0,2,0.0,3,1,1,0.0,0.0,0.0,0.0,1,8,0.0,0.0,1,0.0,0.0,0.0,2,0.0,0.0
1,4,3,4,3,0.0,1,0.0,1,0.0,0.0,0.0,0.0,1,1,3,0.0,0.0,0.0,24,1,0.0,0.0,0.0,0.0,0.0,0.0,0.0,0.0,0.0,0.0,0.0,0.0,0.0,1,0.0,3,0.0,2,4,0.0,0.0,0.0,0.0,1,0.0,0.0,7,0.0,0.0,0.0,0.0,0.0,2,0.0,6,0.0,6,0.0,0.0,0.0,0.0,0.0,1,23,26,13.0,0.0,0.0,0.0,0.0,1,0.0,0.0,3,0.0,1,0.0,2,11,4,0.0,0.0,3,1,3,4,0.0,0.0
0.0,0.0,0.0,1,0.0,0.0,0.0,1,0.0,0.0,0.0,0.0,0.0,1,0.0,0.0,0.0,0.0,0.0,1,0.0,0.0,0.0,0.0,0.0,0.0,0.0,0.0,0.0,0.0,0.0,0.0,0.0,0.0,0.0,0.0,0.0,0.0,0.0,0.0,0.0,0.0,0.0,0.0,0.0,0.0,0.0,0.0,0.0,0.0,0.0,0.0,0.0,1,0.0,1,1,0.0,0.0,0.0,0.0,0.0,0.0,0.0,2,2,2.0,0.0,0.0,0.0,0.0,0.0,0.0,0.0,0.0,0.0,0.0,0.0,0.0,0.0,1,0.0,0.0,1,0.0,0.0,0.0,0.0,0.0
0.0,0.0,0.0,0.0,0.0,0.0,0.0,0.0,0.0,0.0,0.0,0.0,0.0,0.0,0.0,0.0,0.0,0.0,0.0,0.0,0.0,0.0,0.0,0.0,0.0,0.0,0.0,0.0,0.0,0.0,0.0,0.0,0.0,0.0,0.0,0.0,0.0,0.0,0.0,0.0,0.0,0.0,0.0,0.0,0.0,0.0,0.0,0.0,0.0,0.0,0.0,0.0,0.0,0.0,0.0,0.0,0.0,0.0,0.0,0.0,0.0,0.0,0.0,0.0,0,0.0,0,0.0,0.0,0.0,0.0,0.0,0.0,0.0,0.0,0.0,0.0,0.0,0.0,0.0,0.0,0.0,0.0,0.0,0.0,0.0,0.0,0.0,0.0
0.0,0.0,0.0,0.0,0.0,0.0,0.0,0.0,0.0,0.0,0.0,0.0,0.0,0.0,0.0,0.0,0.0,0.0,0.0,0.0,0.0,0.0,0.0,0.0,0.0,0.0,0.0,0.0,0.0,0.0,0.0,0.0,0.0,0.0,0.0,0.0,0.0,0.0,0.0,0.0,0.0,0.0,0.0,0.0,0.0,0.0,0.0,0.0,0.0,0.0,0.0,0.0,0.0,0.0,0.0,0.0,0.0,0.0,0.0,0.0,0.0,0.0,0.0,0.0,0,0.0,0,0.0,0.0,0.0,0.0,0.0,0.0,0.0,0.0,0.0,0.0,0.0,0.0,0.0,0.0,0.0,0.0,0.0,0.0,0.0,0.0,0.0,0.0
1,0.0,0.0,5,0.0,0.0,2,1,2,0.0,0.0,0.0,0.0,2,1,2,0.0,1,0.0,23,0.0,0.0,0.0,0.0,0.0,0.0,0.0,0.0,0.0,0.0,0.0,0.0,0.0,1,0.0,0.0,0.0,0.0,0.0,3,0.0,0.0,2,0.0,0.0,0.0,0.0,9,0.0,0.0,2,0.0,0.0,2,0.0,3,5,0.0,0.0,0.0,0.0,0.0,9,3,25,29,14.5,1,0.0,1,0.0,0.0,0.0,0.0,0.0,0.0,0.0,0.0,2,11,1,0.0,0.0,1,0.0,0.0,4,0.0,0.0
0.0,2,5,2,3,0.0,0.0,1,2,0.0,0.0,0.0,0.0,1,0.0,2,3,0.0,0.0,22,0.0,0.0,0.0,0.0,1,0.0,0.0,0.0,0.0,0.0,0.0,0.0,0.0,1,0.0,0.0,5,0.0,0.0,1,0.0,0.0,1,0.0,0.0,0.0,0.0,3,0.0,0.0,0.0,0.0,0.0,2,0.0,6,2,3,0.0,0.0,0.0,0.0,0.0,1,21,23,11.5,1,3,1,1,0.0,0.0,0.0,4,0.0,0.0,0.0,1,12,1,0.0,0.0,1,0.0,0.0,5,0.0,0.0
2,0.0,1,2,0.0,0.0,1,1,1,0.0,0.0,0.0,1,1,1,2,0.0,0.0,0.0,25,1,0.0,0.0,0.0,0.0,1,0.0,0.0,0.0,0.0,0.0,4,0.0,0.0,3,0.0,1,0.0,0.0,0.0,0.0,0.0,1,0.0,0.0,0.0,0.0,7,0.0,0.0,0.0,0.0,0.0,1,0.0,7,1,1,0.0,0.0,0.0,0.0,3,3,20,23,23.0,3,0.0,1,0.0,5,0.0,0.0,7,0.0,0.0,0.0,4,6,1,0.0,0.0,1,0.0,6,1,0.0,1
0.0,0.0,1,1,1,0.0,1,1,3,0.0,0.0,0.0,1,1,0.0,3,1,0.0,0.0,23,1,0.0,0.0,0.0,0.0,0.0,0.0,0.0,0.0,1,0.0,0.0,0.0,0.0,5,0.0,1,0.0,0.0,0.0,0.0,0.0,0.0,0.0,0.0,0.0,0.0,5,0.0,0.0,0.0,0.0,0.0,1,0.0,7,1,0.0,0.0,0.0,0.0,0.0,1,0.0,21,22,22.0,3,0.0,1,0.0,1,0.0,0.0,9,0.0,0.0,0.0,3,6,1,0.0,0.0,1,0.0,9,1,0.0,0.0
0.0,2,0.0,4,0.0,0.0,2,0.0,1,0.0,0.0,0.0,0.0,1,1,2,2,0.0,0.0,19,1,0.0,0.0,0.0,1,1,0.0,0.0,0.0,0.0,0.0,0.0,0.0,0.0,1,0.0,0.0,0.0,0.0,4,0.0,0.0,2,0.0,0.0,0.0,0.0,7,0.0,0.0,0.0,0.0,0.0,2,0.0,1,2,5,0.0,0.0,0.0,0.0,2,2,26,30,15.0,0.0,0.0,0.0,1,1,2,0.0,1,0.0,0.0,0.0,1,14,0.0,0.0,1,0.0,0.0,0.0,5,0.0,0.0
0.0,0.0,1,4,0.0,0.0,2,0.0,2,0.0,0.0,0.0,0.0,1,2,2,2,0.0,0.0,21,0.0,0.0,0.0,0.0,0.0,0.0,0.0,0.0,0.0,0.0,0.0,0.0,0.0,0.0,0.0,0.0,0.0,0.0,0.0,3,0.0,0.0,0.0,1,0.0,0.0,0.0,2,6,0.0,0.0,0.0,0.0,1,0.0,5,6,2,0.0,0.0,0.0,0.0,0.0,0.0,21,23,23.0,3,3,1,0.0,0.0,0.0,0.0,3,0.0,0.0,0.0,1,8,0.0,0.0,3,0.0,0.0,3,2,0.0,0.0
1,0.0,4,4,0.0,0.0,0.0,0.0,1,0.0,0.0,0.0,0.0,1,0.0,1,0.0,0.0,0.0,8,0.0,1,0.0,0.0,0.0,1,0.0,0.0,0.0,0.0,0.0,0.0,0.0,0.0,0.0,0.0,0.0,0.0,0.0,4,0.0,0.0,1,4,0.0,0.0,0.0,0.0,0.0,0.0,0.0,0.0,0.0,2,0.0,2,0.0,0.0,0.0,0.0,0.0,0.0,0.0,2,13,13,6.5,0.0,3,1,0.0,0.0,0.0,0.0,4,0.0,0.0,0.0,1,4,0.0,0.0,0.0,0.0,0.0,3,1,1,0.0
0.0,0.0,0.0,3,0.0,0.0,2,0.0,0.0,1,0.0,0.0,0.0,2,0.0,1,1,0.0,0.0,12,0.0,0.0,0.0,0.0,0.0,1,0.0,1,0.0,0.0,0.0,0.0,3,0.0,0.0,0.0,0.0,0.0,5,3,0.0,0.0,1,0.0,0.0,0.0,0.0,2,0.0,0.0,0.0,0.0,0.0,1,0.0,3,3,2,0.0,0.0,0.0,0.0,0.0,1,17,23,23.0,0.0,3,0.0,4,0.0,0.0,0.0,4,0.0,0.0,0.0,1,6,0.0,0.0,0.0,0.0,0.0,0.0,2,0.0,0.0
0.0,2,5,3,3,0.0,0.0,0.0,2,0.0,0.0,0.0,0.0,1,0.0,2,3,0.0,0.0,21,0.0,0.0,0.0,0.0,1,0.0,0.0,0.0,0.0,0.0,0.0,0.0,0.0,1,0.0,0.0,5,0.0,0.0,4,0.0,0.0,1,0.0,0.0,0.0,0.0,3,0.0,0.0,0.0,0.0,0.0,2,0.0,6,1,3,0.0,0.0,0.0,0.0,0.0,1,21,23,11.5,1,3,1,1,0.0,0.0,0.0,4,0.0,0.0,0.0,1,12,0.0,0.0,0.0,0.0,0.0,0.0,5,0.0,0.0
0.0,0.0,2,3,0.0,0.0,1,1,1,0.0,0.0,0.0,0.0,1,1,1,0.0,0.0,0.0,18,0.0,0.0,0.0,0.0,0.0,0.0,0.0,0.0,0.0,0.0,0.0,0.0,0.0,0.0,0.0,0.0,0.0,0.0,0.0,0.0,0.0,0.0,0.0,2,0.0,0.0,0.0,3,0.0,0.0,0.0,0.0,1,1,0.0,7,1,2,0.0,0.0,0.0,0.0,1,0.0,22,24,24.0,7,0.0,2,0.0,0.0,1,0.0,5,0.0,0.0,1,1,7,2,0.0,0.0,2,0.0,3,5,2,0.0
0.0,0.0,0.0,8,0.0,0.0,0.0,1,0.0,1,0.0,0.0,0.0,4,0.0,1,1,0.0,0.0,13,0.0,0.0,0.0,0.0,0.0,0.0,0.0,1,0.0,0.0,0.0,0.0,0.0,2,0.0,0.0,0.0,0.0,6,4,2,1,0.0,0.0,0.0,0.0,0.0,7,0.0,0.0,0.0,1,0.0,2,0.0,5,1,2,0.0,0.0,0.0,0.0,5,0.0,21,29,14.5,2,0.0,1,0.0,0.0,0.0,0.0,0.0,0.0,0.0,0.0,2,3,1,0.0,0.0,1,0.0,0.0,2,0.0,0.0
0.0,0.0,1,2,1,0.0,1,0.0,3,0.0,0.0,0.0,1,1,0.0,3,1,0.0,0.0,22,1,0.0,0.0,0.0,0.0,0.0,0.0,0.0,0.0,1,0.0,0.0,0.0,0.0,5,0.0,1,0.0,2,3,0.0,0.0,0.0,0.0,0.0,0.0,0.0,5,0.0,0.0,0.0,0.0,0.0,1,0.0,5,0.0,0.0,0.0,0.0,0.0,0.0,1,0.0,22,25,25.0,3,0.0,1,0.0,1,0.0,0.0,9,0.0,0.0,0.0,3,6,0.0,0.0,0.0,0.0,0.0,9,1,0.0,0.0
2,0.0,1,2,0.0,0.0,1,0.0,1,0.0,0.0,0.0,1,1,0.0,2,0.0,0.0,0.0,23,1,0.0,0.0,0.0,0.0,0.0,0.0,0.0,0.0,0.0,0.0,4,0.0,0.0,3,0.0,1,0.0,8,3,0.0,0.0,0.0,0.0,0.0,0.0,0.0,7,0.0,0.0,0.0,0.0,0.0,1,0.0,6,0.0,1,0.0,0.0,0.0,0.0,3,2,22,33,33.0,3,0.0,1,0.0,5,0.0,0.0,7,0.0,0.0,0.0,4,5,0.0,0.0,0.0,0.0,0.0,6,1,0.0,1
0.0,0.0,3,3,0.0,0.0,0.0,0.0,0.0,0.0,0.0,0.0,0.0,1,0.0,0.0,0.0,0.0,0.0,5,0.0,1,0.0,0.0,0.0,0.0,0.0,0.0,0.0,0.0,0.0,0.0,0.0,0.0,0.0,0.0,0.0,0.0,2,3,0.0,0.0,0.0,3,0.0,0.0,0.0,0.0,2,0.0,0.0,0.0,0.0,2,0.0,3,3,0.0,0.0,0.0,0.0,0.0,0.0,0.0,7,9,4.5,0.0,0.0,0.0,3,0.0,0.0,0.0,5,0.0,0.0,0.0,0.0,0.0,0.0,0.0,0.0,0.0,0.0,2,0.0,0.0,0.0
0.0,1,4,3,0.0,0.0,2,0.0,1,0.0,0.0,0.0,3,1,0.0,2,0.0,0.0,0.0,22,0.0,0.0,0.0,0.0,0.0,0.0,0.0,0.0,0.0,0.0,0.0,0.0,0.0,0.0,1,0.0,1,2,3,4,0.0,0.0,1,3,1,0.0,0.0,4,0.0,0.0,0.0,0.0,0.0,2,0.0,5,1,3,0.0,1,1,0.0,0.0,1,23,28,14.0,1,0.0,2,0.0,5,1,1,3,0.0,0.0,2,0.0,10,0.0,0.0,0.0,0.0,0.0,3,5,0.0,0.0
0.0,1,3,2,0.0,0.0,1,0.0,0.0,0.0,0.0,0.0,1,0.0,1,2,0.0,0.0,0.0,12,0.0,1,0.0,0.0,0.0,0.0,0.0,0.0,0.0,0.0,0.0,0.0,0.0,0.0,0.0,0.0,0.0,0.0,0.0,0.0,0.0,0.0,0.0,3,0.0,0.0,0.0,0.0,3,0.0,0.0,0.0,0.0,1,0.0,3,2,0.0,0.0,0.0,0.0,0.0,0.0,0.0,13,13,13.0,0.0,0.0,1,1,1,0.0,0.0,5,0.0,0.0,0.0,1,4,0.0,0.0,1,0.0,0.0,3,2,1,0.0
2,0.0,1,1,0.0,0.0,2,1,1,0.0,0.0,0.0,0.0,1,0.0,1,1,0.0,0.0,21,0.0,0.0,0.0,0.0,1,0.0,0.0,0.0,0.0,0.0,0.0,0.0,0.0,0.0,0.0,0.0,0.0,0.0,13,0.0,0.0,0.0,1,1,0.0,0.0,0.0,10,0.0,0.0,0.0,0.0,0.0,1,0.0,4,2,3,0.0,0.0,0.0,0.0,7,3,22,38,38.0,0.0,1,1,1,0.0,1,0.0,3,0.0,0.0,1,0.0,11,1,0.0,0.0,1,0.0,1,4,1,0.0
0.0,0.0,1,3,0.0,0.0,4,1,1,0.0,0.0,0.0,0.0,1,1,2,0.0,0.0,0.0,30,0.0,0.0,0.0,0.0,0.0,0.0,0.0,0.0,0.0,0.0,0.0,1,0.0,2,0.0,0.0,0.0,0.0,0.0,0.0,0.0,0.0,0.0,1,0.0,0.0,0.0,13,0.0,0.0,0.0,0.0,1,1,0.0,4,4,1,0.0,0.0,0.0,0.0,12,0.0,23,26,26.0,5,0.0,1,0.0,1,0.0,0.0,4,0.0,1,0.0,4,7,1,0.0,0.0,1,0.0,4,2,0.0,0.0
1,0.0,0.0,3,0.0,0.0,1,1,2,0.0,0.0,0.0,1,1,2,4,0.0,0.0,0.0,26,0.0,0.0,0.0,0.0,0.0,0.0,0.0,0.0,0.0,0.0,0.0,1,0.0,4,0.0,1,0.0,0.0,0.0,0.0,0.0,0.0,2,0.0,2,0.0,0.0,6,0.0,0.0,2,0.0,0.0,1,0.0,3,3,2,0.0,0.0,0.0,0.0,4,3,25,26,26.0,4,1,3,0.0,3,1,1,5,0.0,1,0.0,2,10,1,1,0.0,1,0.0,4,4,0.0,0.0
0.0,0.0,12,3,9,0.0,1,1,0.0,0.0,0.0,0.0,0.0,1,1,0.0,0.0,1,0.0,25,0.0,0.0,0.0,0.0,0.0,0.0,0.0,0.0,0.0,0.0,0.0,0.0,0.0,0.0,0.0,0.0,9,0.0,3,0.0,0.0,0.0,0.0,3,0.0,0.0,0.0,5,0.0,0.0,0.0,0.0,0.0,1,0.0,8,1,4,0.0,0.0,0.0,0.0,1,0.0,20,25,25.0,6,0.0,0.0,0.0,0.0,0.0,0.0,9,0.0,0.0,0.0,0.0,2,1,0.0,0.0,1,0.0,9,1,0.0,0.0
1,0.0,0.0,3,0.0,0.0,2,1,0.0,0.0,0.0,0.0,0.0,2,1,1,1,0.0,0.0,17,0.0,0.0,0.0,0.0,0.0,0.0,0.0,0.0,0.0,0.0,0.0,0.0,0.0,1,0.0,0.0,0.0,0.0,0.0,0.0,0.0,1,0.0,0.0,0.0,0.0,0.0,5,0.0,0.0,0.0,1,0.0,1,0.0,4,1,3,0.0,0.0,0.0,0.0,2,1,17,20,20.0,3,0.0,1,0.0,0.0,0.0,0.0,0.0,0.0,0.0,0.0,1,10,1,0.0,0.0,1,0.0,0.0,6,0.0,0.0
0.0,0.0,0.0,2,0.0,0.0,0.0,0.0,0.0,0.0,0.0,0.0,0.0,1,0.0,0.0,0.0,0.0,0.0,0.0,0.0,0.0,0.0,0.0,0.0,0.0,0.0,0.0,0.0,0.0,0.0,0.0,0.0,0.0,0.0,0.0,0.0,0.0,2,3,0.0,0.0,0.0,0.0,0.0,0.0,0.0,0.0,0.0,0.0,0.0,0.0,0.0,1,0.0,1,0.0,0.0,0.0,0.0,0.0,0.0,0.0,0.0,4,6,6.0,0.0,0.0,0.0,0.0,0.0,0.0,0.0,0.0,0.0,0.0,0.0,0.0,0.0,0.0,0.0,0.0,0.0,0.0,0.0,0.0,0.0,0.0
0.0,0.0,4,4,0.0,0.0,0.0,1,1,0.0,0.0,3,1,2,0.0,1,0.0,0.0,0.0,18,0.0,0.0,0.0,0.0,0.0,0.0,0.0,0.0,0.0,0.0,0.0,0.0,0.0,4,0.0,0.0,0.0,0.0,2,4,0.0,0.0,0.0,4,1,0.0,0.0,0.0,0.0,0.0,0.0,0.0,0.0,2,0.0,8,1,0.0,0.0,0.0,0.0,0.0,0.0,0.0,17,19,9.5,7,3,1,0.0,4,1,0.0,6,0.0,1,0.0,0.0,2,1,0.0,0.0,1,0.0,3,1,3,0.0
3,2,3,3,0.0,0.0,2,0.0,2,0.0,0.0,0.0,3,0.0,1,5,1,0.0,0.0,23,0.0,1,0.0,0.0,0.0,0.0,0.0,0.0,0.0,0.0,0.0,0.0,0.0,2,0.0,0.0,1,0.0,0.0,1,0.0,2,0.0,2,1,0.0,0.0,0.0,0.0,0.0,0.0,2,0.0,2,0.0,3,7,0.0,0.0,0.0,0.0,0.0,0.0,3,18,19,9.5,2,0.0,1,0.0,4,0.0,1,1,0.0,0.0,0.0,3,11,0.0,0.0,0.0,0.0,0.0,0.0,2,1,0.0
0.0,1,4,3,0.0,0.0,0.0,0.0,1,0.0,0.0,0.0,0.0,1,0.0,3,2,0.0,0.0,23,0.0,0.0,0.0,0.0,0.0,0.0,0.0,0.0,0.0,0.0,0.0,0.0,0.0,0.0,0.0,1,0.0,0.0,2,4,0.0,3,4,4,0.0,0.0,0.0,1,0.0,0.0,0.0,3,0.0,2,0.0,3,4,1,0.0,1,3,1,0.0,4,23,27,13.5,3,0.0,1,0.0,2,1,1,4,0.0,0.0,0.0,2,12,0.0,0.0,1,0.0,0.0,0.0,3,0.0,4
0.0,0.0,1,2,0.0,0.0,0.0,0.0,1,0.0,0.0,0.0,0.0,0.0,0.0,3,2,0.0,0.0,24,0.0,0.0,0.0,0.0,0.0,2,0.0,0.0,0.0,0.0,0.0,0.0,0.0,3,1,0.0,0.0,0.0,0.0,2,0.0,1,2,1,0.0,0.0,0.0,3,3,0.0,0.0,1,0.0,2,0.0,8,3,3,0.0,0.0,0.0,0.0,1,2,21,22,11.0,7,1,0.0,0.0,0.0,0.0,0.0,6,0.0,0.0,0.0,1,10,0.0,0.0,0.0,0.0,0.0,4,5,0.0,1
0.0,0.0,1,3,0.0,0.0,0.0,0.0,2,0.0,0.0,0.0,0.0,0.0,1,2,0.0,0.0,0.0,7,0.0,1,0.0,0.0,0.0,0.0,0.0,0.0,0.0,0.0,0.0,0.0,0.0,1,0.0,0.0,0.0,0.0,0.0,1,0.0,0.0,0.0,1,0.0,0.0,0.0,2,0.0,0.0,0.0,0.0,0.0,2,0.0,1,0.0,2,0.0,0.0,0.0,0.0,0.0,0.0,7,7,3.5,2,0.0,0.0,0.0,0.0,0.0,0.0,2,0.0,0.0,0.0,2,4,0.0,0.0,0.0,0.0,0.0,2,2,0.0,0.0
0.0,1,0.0,2,0.0,0.0,0.0,1,1,0.0,0.0,0.0,0.0,1,0.0,2,0.0,0.0,0.0,4,0.0,0.0,0.0,0.0,0.0,0.0,0.0,0.0,0.0,0.0,0.0,0.0,0.0,0.0,1,0.0,0.0,0.0,0.0,1,0.0,0.0,0.0,0.0,0.0,0.0,0.0,2,0.0,0.0,0.0,0.0,0.0,2,0.0,1,1,0.0,0.0,0.0,0.0,0.0,1,0.0,7,7,3.5,0.0,0.0,0.0,0.0,0.0,0.0,0.0,0.0,0.0,1,0.0,1,2,1,0.0,0.0,1,0.0,0.0,0.0,0.0,0.0
0.0,0.0,0.0,2,0.0,0.0,0.0,0.0,0.0,0.0,0.0,0.0,0.0,1,0.0,0.0,0.0,0.0,0.0,0.0,0.0,0.0,0.0,0.0,0.0,0.0,0.0,0.0,0.0,0.0,0.0,0.0,0.0,0.0,0.0,0.0,0.0,0.0,2,3,0.0,0.0,0.0,0.0,0.0,0.0,0.0,0.0,0.0,0.0,0.0,0.0,0.0,1,0.0,0.0,0.0,0.0,0.0,0.0,0.0,0.0,0.0,0.0,4,6,6.0,0.0,0.0,0.0,0.0,0.0,0.0,0.0,0.0,0.0,0.0,0.0,0.0,0.0,0.0,0.0,0.0,0.0,0.0,0.0,0.0,0.0,0.0
1,0.0,1,3,0.0,0.0,3,1,5,0.0,0.0,1,0.0,1,1,6,1,0.0,0.0,24,0.0,0.0,0.0,0.0,0.0,0.0,0.0,0.0,0.0,0.0,0.0,0.0,0.0,0.0,0.0,0.0,0.0,0.0,0.0,1,0.0,0.0,1,1,0.0,0.0,0.0,8,0.0,0.0,1,0.0,0.0,2,0.0,2,2,0.0,0.0,0.0,0.0,0.0,8,2,22,27,13.5,0.0,0.0,1,0.0,1,0.0,0.0,1,0.0,4,0.0,4,12,1,0.0,0.0,1,0.0,0.0,1,1,0.0
0.0,0.0,0.0,2,0.0,0.0,2,1,0.0,0.0,0.0,0.0,0.0,1,1,2,0.0,0.0,0.0,21,0.0,0.0,0.0,0.0,0.0,0.0,0.0,0.0,0.0,0.0,0.0,0.0,4,0.0,2,0.0,0.0,0.0,3,0.0,0.0,1,0.0,0.0,0.0,0.0,0.0,9,0.0,0.0,0.0,1,0.0,1,0.0,8,4,2,0.0,0.0,0.0,0.0,7,0.0,18,25,25.0,0.0,3,0.0,3,0.0,0.0,0.0,4,0.0,3,0.0,0.0,7,2,0.0,0.0,2,0.0,1,5,0.0,0.0
0.0,0.0,2,2,0.0,0.0,1,1,0.0,0.0,0.0,0.0,6,1,0.0,0.0,2,0.0,0.0,23,0.0,0.0,2,0.0,1,0.0,0.0,0.0,0.0,2,0.0,0.0,2,0.0,0.0,0.0,0.0,0.0,0.0,1,0.0,0.0,1,2,6,0.0,0.0,0.0,3,0.0,0.0,0.0,0.0,1,0.0,3,7,0.0,0.0,0.0,0.0,0.0,0.0,1,16,20,20.0,0.0,0.0,0.0,3,6,0.0,0.0,3,0.0,3,0.0,0.0,6,1,0.0,0.0,1,0.0,0.0,2,0.0,0.0
0.0,0.0,0.0,2,0.0,0.0,0.0,1,0.0,3,0.0,1,0.0,1,0.0,0.0,1,0.0,0.0,18,0.0,0.0,0.0,0.0,0.0,0.0,0.0,3,0.0,0.0,0.0,0.0,3,0.0,1,0.0,0.0,1,0.0,1,0.0,0.0,2,0.0,1,0.0,0.0,3,0.0,0.0,0.0,0.0,0.0,2,0.0,6,4,1,0.0,0.0,0.0,2,1,2,19,23,11.5,4,0.0,0.0,0.0,1,0.0,0.0,0.0,0.0,0.0,1,0.0,6,1,0.0,2,1,0.0,0.0,3,0.0,0.0
0.0,0.0,3,2,0.0,0.0,1,1,1,0.0,0.0,0.0,0.0,1,0.0,4,0.0,0.0,0.0,15,0.0,0.0,0.0,0.0,2,0.0,0.0,0.0,0.0,0.0,0.0,0.0,0.0,0.0,0.0,0.0,3,0.0,3,1,0.0,0.0,2,0.0,0.0,0.0,0.0,6,0.0,0.0,0.0,0.0,0.0,2,0.0,5,3,5,0.0,0.0,0.0,0.0,1,2,18,24,12.0,0.0,0.0,0.0,2,0.0,0.0,0.0,5,0.0,0.0,0.0,0.0,7,1,0.0,0.0,1,0.0,0.0,3,0.0,3
0.0,0.0,0.0,2,0.0,0.0,0.0,0.0,0.0,0.0,0.0,0.0,0.0,1,0.0,0.0,0.0,0.0,0.0,0.0,0.0,0.0,0.0,0.0,0.0,0.0,0.0,0.0,0.0,0.0,0.0,0.0,0.0,0.0,0.0,0.0,0.0,0.0,5,3,0.0,0.0,0.0,0.0,0.0,0.0,0.0,0.0,0.0,0.0,0.0,0.0,0.0,1,0.0,0.0,0.0,0.0,0.0,0.0,0.0,0.0,0.0,0.0,5,10,10.0,0.0,0.0,0.0,0.0,0.0,0.0,0.0,0.0,0.0,0.0,0.0,0.0,0.0,0.0,0.0,0.0,0.0,0.0,0.0,0.0,0.0,0.0
0.0,0.0,3,3,0.0,0.0,2,0.0,1,0.0,0.0,0.0,0.0,0.0,0.0,3,2,0.0,0.0,16,0.0,1,0.0,0.0,0.0,0.0,0.0,0.0,0.0,0.0,0.0,1,4,3,0.0,1,0.0,0.0,0.0,2,0.0,0.0,0.0,3,0.0,0.0,0.0,0.0,0.0,0.0,0.0,0.0,0.0,3,0.0,6,3,0.0,0.0,0.0,0.0,0.0,0.0,0.0,17,18,6.0,0.0,0.0,1,3,2,1,1,3,0.0,0.0,0.0,2,6,0.0,0.0,0.0,0.0,0.0,0.0,1,0.0,0.0
0.0,0.0,1,4,1,0.0,1,1,0.0,0.0,0.0,0.0,0.0,1,1,2,1,0.0,0.0,18,0.0,0.0,0.0,0.0,0.0,0.0,0.0,0.0,0.0,0.0,0.0,0.0,0.0,0.0,0.0,0.0,1,0.0,5,3,2,0.0,2,0.0,0.0,0.0,0.0,4,0.0,0.0,0.0,0.0,0.0,1,0.0,6,3,2,0.0,0.0,0.0,2,2,2,24,31,31.0,3,0.0,1,0.0,0.0,1,0.0,6,1,1,2,0.0,8,1,0.0,1,1,0.0,6,4,0.0,0.0
0.0,1,1,4,0.0,0.0,3,0.0,0.0,0.0,0.0,0.0,1,1,1,1,0.0,0.0,0.0,20,0.0,0.0,0.0,0.0,0.0,0.0,0.0,0.0,0.0,0.0,0.0,0.0,0.0,0.0,0.0,0.0,1,0.0,5,4,0.0,0.0,0.0,0.0,2,0.0,0.0,4,0.0,0.0,0.0,0.0,0.0,2,0.0,4,1,4,0.0,0.0,0.0,0.0,0.0,0.0,24,31,15.5,3,0.0,4,0.0,2,3,1,4,0.0,0.0,0.0,0.0,9,0.0,0.0,0.0,0.0,0.0,4,5,0.0,0.0
1,0.0,3,6,0.0,0.0,2,0.0,2,0.0,0.0,0.0,1,1,2,3,2,0.0,0.0,20,0.0,1,0.0,0.0,0.0,0.0,0.0,0.0,0.0,0.0,0.0,0.0,0.0,0.0,1,1,2,0.0,2,3,2,0.0,1,1,0.0,0.0,0.0,6,0.0,0.0,0.0,0.0,0.0,2,0.0,1,3,3,0.0,0.0,0.0,1,2,2,28,31,15.5,0.0,0.0,3,0.0,2,2,1,3,0.0,1,0.0,2,13,0.0,1,2,0.0,0.0,2,5,0.0,1
3,5,3,6,0.0,0.0,2,0.0,3,0.0,0.0,0.0,0.0,1,0.0,3,1,0.0,0.0,29,0.0,1,0.0,0.0,0.0,1,0.0,0.0,0.0,0.0,0.0,0.0,0.0,0.0,0.0,0.0,0.0,0.0,2,4,2,0.0,2,3,2,0.0,0.0,2,0.0,0.0,0.0,0.0,0.0,3,0.0,6,1,0.0,0.0,3,1,0.0,2,5,24,28,9.333333333333334,6,0.0,0.0,0.0,3,0.0,0.0,6,0.0,0.0,1,4,17,0.0,0.0,0.0,0.0,0.0,6,1,0.0,0.0
2,4,4,4,1,0.0,0.0,0.0,1,0.0,0.0,0.0,1,0.0,0.0,3,1,0.0,0.0,24,0.0,1,0.0,0.0,0.0,2,1,0.0,0.0,0.0,0.0,1,0.0,0.0,0.0,1,2,0.0,0.0,3,0.0,0.0,4,1,2,0.0,0.0,1,0.0,0.0,0.0,0.0,0.0,4,0.0,4,6,0.0,0.0,1,0.0,2,1,6,24,27,6.75,1,0.0,2,1,3,0.0,0.0,1,0.0,0.0,2,1,14,0.0,0.0,3,0.0,0.0,0.0,2,0.0,0.0
1,3,2,4,0.0,0.0,3,0.0,2,0.0,0.0,0.0,4,1,2,3,1,0.0,0.0,18,1,0.0,0.0,0.0,0.0,0.0,0.0,0.0,0.0,0.0,0.0,0.0,0.0,0.0,1,0.0,1,0.0,1,3,0.0,0.0,0.0,1,0.0,0.0,0.0,3,0.0,0.0,0.0,0.0,0.0,1,0.0,4,0.0,2,0.0,0.0,0.0,0.0,0.0,1,22,26,26.0,0.0,1,1,0.0,5,0.0,0.0,1,0.0,0.0,2,0.0,11,0.0,0.0,0.0,0.0,0.0,0.0,2,1,0.0
1,2,0.0,2,0.0,0.0,4,0.0,1,0.0,0.0,1,1,1,0.0,3,0.0,0.0,3,22,0.0,0.0,0.0,0.0,1,0.0,0.0,0.0,0.0,0.0,0.0,1,0.0,0.0,1,0.0,0.0,0.0,2,3,0.0,0.0,1,0.0,1,0.0,0.0,6,0.0,0.0,0.0,0.0,0.0,1,0.0,2,1,5,0.0,0.0,0.0,0.0,1,2,25,33,33.0,1,0.0,0.0,1,3,0.0,0.0,3,0.0,0.0,1,3,14,0.0,2,0.0,0.0,0.0,2,5,0.0,0.0
0.0,1,1,3,0.0,0.0,1,0.0,0.0,0.0,0.0,1,0.0,1,1,2,1,0.0,0.0,21,0.0,0.0,0.0,0.0,0.0,0.0,0.0,0.0,0.0,0.0,0.0,5,3,0.0,1,0.0,1,0.0,2,3,0.0,0.0,1,0.0,0.0,0.0,0.0,4,0.0,0.0,0.0,0.0,0.0,1,0.0,6,2,3,0.0,1,0.0,1,0.0,1,23,29,29.0,6,0.0,1,0.0,6,1,0.0,2,0.0,0.0,1,1,6,0.0,1,1,0.0,0.0,2,3,0.0,0.0
1,1,0.0,6,0.0,0.0,2,0.0,2,0.0,0.0,2,0.0,1,3,2,0.0,0.0,0.0,9,0.0,0.0,0.0,0.0,0.0,0.0,0.0,0.0,0.0,0.0,0.0,0.0,0.0,0.0,1,0.0,0.0,0.0,8,3,1,0.0,0.0,0.0,0.0,0.0,0.0,3,0.0,0.0,0.0,0.0,0.0,1,0.0,5,0.0,2,0.0,0.0,0.0,0.0,0.0,1,23,32,32.0,1,1,0.0,0.0,2,0.0,0.0,1,0.0,0.0,2,0.0,7,0.0,1,0.0,0.0,0.0,1,1,0.0,0.0
1,3,5,3,0.0,0.0,2,1,2,0.0,0.0,0.0,0.0,1,2,3,1,0.0,0.0,27,0.0,0.0,0.0,0.0,1,0.0,0.0,0.0,0.0,0.0,0.0,0.0,0.0,4,0.0,0.0,0.0,3,0.0,0.0,0.0,0.0,1,5,0.0,0.0,0.0,3,0.0,0.0,0.0,0.0,0.0,1,0.0,6,2,1,0.0,0.0,0.0,0.0,2,2,20,24,24.0,0.0,1,2,1,0.0,1,0.0,7,0.0,2,0.0,1,13,1,1,0.0,1,0.0,4,4,1,0.0
0.0,0.0,0.0,3,0.0,0.0,0.0,1,0.0,0.0,0.0,0.0,0.0,2,0.0,0.0,0.0,0.0,0.0,1,0.0,0.0,0.0,0.0,0.0,0.0,0.0,0.0,0.0,0.0,0.0,0.0,0.0,0.0,0.0,0.0,0.0,0.0,2,3,0.0,0.0,0.0,0.0,0.0,0.0,0.0,0.0,0.0,0.0,0.0,0.0,0.0,1,0.0,2,1,0.0,0.0,0.0,0.0,0.0,0.0,0.0,6,8,8.0,0.0,0.0,0.0,0.0,0.0,0.0,0.0,0.0,0.0,0.0,0.0,0.0,0.0,1,0.0,0.0,1,0.0,0.0,0.0,0.0,0.0
1,3,5,4,0.0,0.0,2,0.0,2,0.0,0.0,0.0,0.0,1,2,3,1,0.0,0.0,26,0.0,0.0,0.0,0.0,1,0.0,0.0,0.0,0.0,0.0,0.0,0.0,0.0,4,0.0,0.0,0.0,3,7,3,0.0,0.0,1,5,0.0,0.0,0.0,3,0.0,0.0,0.0,0.0,0.0,1,0.0,5,1,1,0.0,0.0,0.0,0.0,2,2,23,34,34.0,0.0,1,2,1,0.0,1,0.0,7,0.0,2,0.0,1,13,0.0,1,0.0,0.0,0.0,4,4,1,0.0
0.0,0.0,3,3,0.0,0.0,3,0.0,0.0,0.0,0.0,0.0,1,1,0.0,1,2,0.0,0.0,19,0.0,0.0,0.0,0.0,0.0,0.0,0.0,0.0,0.0,0.0,0.0,1,0.0,0.0,0.0,0.0,0.0,0.0,2,4,0.0,0.0,4,3,0.0,0.0,0.0,3,0.0,0.0,1,0.0,0.0,2,0.0,3,4,0.0,0.0,0.0,3,0.0,3,4,23,28,14.0,0.0,1,0.0,0.0,2,0.0,0.0,2,0.0,0.0,0.0,1,11,1,0.0,0.0,1,0.0,1,2,1,0.0
0.0,0.0,0.0,2,0.0,0.0,0.0,0.0,0.0,0.0,0.0,0.0,0.0,1,0.0,0.0,0.0,0.0,0.0,0.0,0.0,0.0,0.0,0.0,0.0,0.0,0.0,0.0,0.0,0.0,0.0,0.0,0.0,0.0,0.0,0.0,0.0,0.0,2,3,0.0,0.0,0.0,0.0,0.0,0.0,0.0,0.0,0.0,0.0,0.0,0.0,0.0,1,0.0,1,0.0,0.0,0.0,0.0,0.0,0.0,0.0,0.0,3,5,5.0,0.0,0.0,0.0,0.0,0.0,0.0,0.0,0.0,0.0,0.0,0.0,0.0,0.0,0.0,0.0,0.0,0.0,0.0,0.0,0.0,0.0,0.0
1,2,4,6,3,0.0,2,0.0,2,0.0,0.0,3,2,1,0.0,5,0.0,0.0,0.0,20,0.0,3,0.0,0.0,0.0,0.0,0.0,0.0,0.0,0.0,0.0,0.0,0.0,0.0,0.0,0.0,4,0.0,5,4,0.0,0.0,1,0.0,1,0.0,0.0,0.0,0.0,0.0,0.0,0.0,0.0,5,0.0,3,1,0.0,0.0,0.0,0.0,1,0.0,2,22,31,6.2,3,0.0,0.0,0.0,5,0.0,0.0,4,0.0,0.0,4,1,8,1,1,1,1,0.0,3,0.0,0.0,1
1,3,1,4,0.0,0.0,0.0,0.0,3,0.0,0.0,0.0,0.0,1,2,6,1,0.0,0.0,24,0.0,0.0,0.0,0.0,5,0.0,0.0,0.0,0.0,0.0,0.0,0.0,0.0,0.0,3,0.0,0.0,3,2,3,0.0,1,5,1,0.0,0.0,0.0,6,0.0,0.0,0.0,1,0.0,1,0.0,5,5,3,0.0,0.0,0.0,0.0,3,6,16,28,28.0,4,0.0,1,5,0.0,0.0,0.0,5,0.0,0.0,0.0,3,13,0.0,0.0,0.0,0.0,0.0,0.0,0.0,0.0,0.0
1,0.0,1,5,0.0,0.0,3,0.0,2,0.0,0.0,0.0,3,1,2,2,1,0.0,0.0,21,0.0,0.0,0.0,0.0,0.0,0.0,0.0,0.0,0.0,0.0,0.0,3,1,0.0,0.0,0.0,1,0.0,1,4,0.0,0.0,1,0.0,0.0,0.0,0.0,3,0.0,0.0,0.0,0.0,0.0,2,0.0,6,2,0.0,0.0,0.0,0.0,1,3,2,21,25,12.5,3,0.0,2,0.0,3,1,0.0,3,0.0,0.0,1,1,10,0.0,1,1,0.0,0.0,3,3,0.0,0.0
3,1,3,4,1,0.0,2,0.0,3,0.0,0.0,0.0,6,1,0.0,4,0.0,0.0,0.0,19,1,0.0,0.0,0.0,0.0,0.0,0.0,0.0,0.0,0.0,0.0,4,0.0,0.0,0.0,0.0,3,0.0,2,4,0.0,0.0,1,0.0,0.0,0.0,0.0,1,0.0,0.0,0.0,0.0,1,2,0.0,5,5,1,0.0,1,0.0,1,0.0,4,24,27,13.5,1,0.0,1,0.0,9,0.0,0.0,0.0,0.0,0.0,0.0,2,12,0.0,0.0,1,0.0,0.0,0.0,2,0.0,0.0
0.0,1,3,4,0.0,3,2,0.0,1,0.0,0.0,0.0,1,1,2,1,1,0.0,0.0,17,0.0,0.0,0.0,0.0,0.0,0.0,0.0,0.0,0.0,0.0,0.0,0.0,0.0,0.0,0.0,1,3,0.0,5,3,0.0,0.0,0.0,0.0,0.0,0.0,0.0,7,0.0,0.0,0.0,0.0,0.0,1,0.0,5,0.0,4,0.0,3,0.0,0.0,3,0.0,24,30,30.0,0.0,0.0,1,0.0,4,2,0.0,0.0,0.0,0.0,0.0,1,9,0.0,0.0,0.0,0.0,0.0,0.0,4,0.0,0.0
0.0,2,1,4,0.0,0.0,2,0.0,3,0.0,0.0,0.0,0.0,1,0.0,4,1,0.0,0.0,16,2,0.0,0.0,0.0,1,0.0,0.0,0.0,0.0,0.0,0.0,0.0,0.0,0.0,0.0,0.0,0.0,0.0,4,5,0.0,0.0,1,1,0.0,0.0,0.0,1,0.0,0.0,0.0,0.0,0.0,3,0.0,3,4,0.0,0.0,1,0.0,0.0,1,1,23,30,10.0,0.0,1,2,2,3,2,2,3,0.0,0.0,2,2,11,0.0,0.0,0.0,0.0,0.0,0.0,2,1,0.0
0.0,1,7,3,3,0.0,0.0,0.0,3,0.0,0.0,0.0,0.0,1,0.0,4,2,0.0,0.0,28,0.0,0.0,0.0,0.0,2,1,0.0,0.0,4,0.0,0.0,0.0,0.0,3,0.0,0.0,3,0.0,0.0,4,0.0,4,5,4,0.0,0.0,0.0,1,0.0,0.0,2,0.0,0.0,2,0.0,5,11,1,0.0,0.0,0.0,0.0,1,5,21,25,12.5,3,0.0,1,2,0.0,1,0.0,6,0.0,0.0,0.0,4,11,0.0,0.0,0.0,0.0,0.0,4,0.0,0.0,0.0
2,1,1,4,0.0,0.0,2,0.0,1,0.0,0.0,0.0,1,2,0.0,2,0.0,0.0,0.0,22,0.0,1,0.0,0.0,0.0,0.0,0.0,0.0,0.0,0.0,0.0,0.0,0.0,0.0,0.0,0.0,0.0,0.0,2,3,0.0,0.0,2,1,1,0.0,0.0,2,0.0,0.0,2,0.0,0.0,2,0.0,5,3,0.0,0.0,0.0,0.0,0.0,2,4,21,27,13.5,6,3,1,0.0,1,0.0,0.0,3,0.0,0.0,0.0,3,11,0.0,1,0.0,0.0,0.0,3,3,0.0,0.0
1,0.0,4,3,0.0,0.0,1,0.0,2,0.0,0.0,0.0,0.0,1,1,2,0.0,0.0,0.0,20,0.0,0.0,0.0,0.0,1,1,0.0,0.0,0.0,0.0,0.0,0.0,0.0,0.0,1,0.0,0.0,0.0,0.0,3,0.0,0.0,2,4,0.0,0.0,0.0,5,0.0,0.0,0.0,0.0,0.0,1,0.0,7,4,1,0.0,0.0,0.0,0.0,3,3,18,21,21.0,0.0,0.0,0.0,4,0.0,0.0,0.0,5,0.0,0.0,0.0,2,9,0.0,0.0,0.0,0.0,0.0,0.0,3,1,0.0
0.0,0.0,0.0,4,0.0,0.0,2,0.0,0.0,0.0,0.0,0.0,0.0,1,1,2,0.0,0.0,4,25,0.0,0.0,0.0,0.0,2,0.0,0.0,0.0,0.0,0.0,0.0,1,0.0,0.0,1,0.0,0.0,6,2,4,0.0,0.0,2,0.0,1,0.0,0.0,4,1,0.0,0.0,0.0,0.0,2,0.0,7,2,2,0.0,0.0,0.0,0.0,1,2,24,28,14.0,1,0.0,0.0,2,1,0.0,0.0,2,0.0,0.0,1,0.0,8,1,0.0,0.0,1,0.0,0.0,4,0.0,0.0
0.0,0.0,3,2,0.0,0.0,1,0.0,2,0.0,0.0,0.0,0.0,0.0,0.0,2,0.0,0.0,0.0,16,0.0,1,0.0,0.0,0.0,0.0,0.0,0.0,1,0.0,0.0,0.0,0.0,0.0,0.0,0.0,0.0,0.0,0.0,1,0.0,1,2,3,0.0,0.0,0.0,2,0.0,0.0,0.0,0.0,0.0,2,0.0,3,3,0.0,0.0,1,0.0,2,2,2,18,18,9.0,3,0.0,1,0.0,1,0.0,0.0,3,0.0,1,0.0,2,8,0.0,0.0,2,0.0,0.0,0.0,3,3,0.0
0.0,6,3,5,3,0.0,2,0.0,3,0.0,0.0,0.0,2,1,1,5,3,0.0,0.0,25,2,1,0.0,0.0,0.0,0.0,0.0,0.0,1,0.0,0.0,0.0,0.0,0.0,0.0,2,3,0.0,0.0,4,0.0,1,0.0,0.0,2,0.0,0.0,9,0.0,0.0,0.0,0.0,0.0,3,0.0,1,1,4,0.0,2,0.0,0.0,5,0.0,27,29,9.666666666666666,0.0,0.0,0.0,0.0,7,0.0,2,4,0.0,2,1,2,16,0.0,1,0.0,0.0,0.0,3,3,1,0.0
3,0.0,1,3,0.0,0.0,3,0.0,2,0.0,0.0,0.0,0.0,1,0.0,4,1,0.0,0.0,23,0.0,0.0,0.0,0.0,0.0,0.0,0.0,0.0,0.0,0.0,0.0,0.0,0.0,0.0,1,0.0,0.0,0.0,2,4,0.0,1,1,1,0.0,0.0,0.0,4,0.0,0.0,1,1,0.0,2,0.0,4,2,3,0.0,1,0.0,0.0,0.0,4,22,27,13.5,3,0.0,2,0.0,1,0.0,0.0,6,0.0,0.0,0.0,2,11,0.0,0.0,0.0,0.0,0.0,3,1,0.0,3
0.0,0.0,4,4,0.0,0.0,1,0.0,2,0.0,0.0,0.0,0.0,1,2,3,2,0.0,0.0,25,3,0.0,0.0,1,0.0,2,0.0,0.0,0.0,0.0,0.0,0.0,0.0,0.0,0.0,0.0,4,0.0,4,3,0.0,1,3,0.0,0.0,0.0,0.0,6,0.0,3,0.0,0.0,0.0,1,0.0,4,1,1,0.0,1,0.0,1,5,3,25,31,31.0,7,3,2,0.0,3,1,1,3,0.0,0.0,1,1,11,0.0,0.0,1,0.0,0.0,3,4,0.0,3
0.0,0.0,0.0,2,0.0,0.0,0.0,0.0,0.0,0.0,0.0,0.0,0.0,0.0,0.0,0.0,0.0,0.0,0.0,7,0.0,1,0.0,0.0,0.0,0.0,0.0,0.0,0.0,0.0,0.0,0.0,0.0,0.0,0.0,0.0,0.0,0.0,2,1,0.0,1,0.0,0.0,0.0,0.0,0.0,6,0.0,0.0,0.0,1,0.0,3,0.0,3,0.0,3,0.0,0.0,0.0,0.0,3,0.0,7,10,3.3333333333333335,0.0,0.0,1,0.0,0.0,0.0,0.0,1,0.0,3,0.0,0.0,2,0.0,0.0,0.0,0.0,0.0,1,2,0.0,0.0
1,0.0,3,3,0.0,0.0,1,0.0,1,0.0,0.0,0.0,0.0,1,0.0,2,1,0.0,0.0,24,0.0,0.0,0.0,0.0,1,1,0.0,0.0,0.0,0.0,0.0,0.0,0.0,0.0,0.0,0.0,0.0,0.0,2,4,0.0,0.0,2,3,1,0.0,0.0,2,0.0,0.0,0.0,0.0,0.0,2,0.0,8,7,1,0.0,1,0.0,0.0,1,3,20,24,12.0,6,6,1,2,1,1,0.0,11,0.0,0.0,0.0,2,9,0.0,0.0,0.0,0.0,0.0,9,4,0.0,0.0
0.0,1,0.0,2,0.0,0.0,1,0.0,0.0,0.0,0.0,0.0,0.0,1,0.0,1,0.0,0.0,0.0,9,0.0,0.0,0.0,0.0,0.0,0.0,0.0,0.0,0.0,0.0,0.0,0.0,0.0,0.0,1,0.0,0.0,0.0,0.0,3,0.0,0.0,0.0,0.0,0.0,0.0,0.0,5,0.0,0.0,0.0,0.0,0.0,1,0.0,3,0.0,4,0.0,0.0,0.0,0.0,0.0,0.0,13,14,14.0,1,0.0,1,0.0,0.0,0.0,0.0,1,0.0,0.0,1,0.0,5,0.0,0.0,0.0,0.0,0.0,0.0,3,1,0.0
3,0.0,3,2,0.0,0.0,0.0,1,3,0.0,0.0,1,6,2,0.0,5,0.0,0.0,0.0,21,0.0,0.0,0.0,0.0,2,0.0,0.0,0.0,0.0,0.0,0.0,0.0,0.0,1,1,0.0,0.0,0.0,0.0,0.0,0.0,0.0,2,3,0.0,0.0,0.0,3,0.0,0.0,0.0,0.0,0.0,1,0.0,4,6,2,0.0,0.0,0.0,0.0,0.0,5,23,26,26.0,0.0,0.0,0.0,2,7,0.0,0.0,3,0.0,1,0.0,4,13,1,0.0,0.0,1,0.0,1,5,0.0,0.0
0.0,0.0,0.0,2,0.0,0.0,2,0.0,1,3,0.0,0.0,0.0,1,0.0,2,1,0.0,3,21,0.0,0.0,0.0,0.0,0.0,0.0,3,3,0.0,0.0,0.0,0.0,0.0,0.0,1,0.0,0.0,0.0,0.0,3,0.0,0.0,0.0,0.0,0.0,0.0,0.0,4,0.0,0.0,0.0,0.0,0.0,1,0.0,7,3,3,0.0,0.0,0.0,0.0,0.0,0.0,17,21,21.0,0.0,0.0,0.0,3,0.0,0.0,0.0,3,0.0,0.0,0.0,2,7,1,0.0,0.0,1,0.0,0.0,3,0.0,0.0
0.0,1,2,5,0.0,0.0,2,0.0,4,0.0,0.0,0.0,1,1,2,5,2,1,0.0,19,0.0,0.0,0.0,0.0,0.0,0.0,0.0,0.0,3,0.0,0.0,0.0,0.0,0.0,1,1,0.0,0.0,2,3,0.0,3,2,2,0.0,0.0,0.0,2,0.0,0.0,0.0,0.0,0.0,1,0.0,3,3,0.0,0.0,0.0,0.0,2,1,2,25,31,31.0,0.0,0.0,0.0,0.0,2,0.0,1,1,0.0,2,0.0,3,13,0.0,0.0,3,0.0,0.0,0.0,1,1,0.0
0.0,0.0,2,4,0.0,0.0,3,0.0,1,1,1,3,1,1,1,1,0.0,0.0,0.0,21,0.0,0.0,0.0,0.0,0.0,0.0,0.0,0.0,0.0,0.0,0.0,0.0,0.0,3,1,0.0,2,0.0,4,3,0.0,0.0,0.0,0.0,2,0.0,0.0,2,0.0,0.0,0.0,0.0,1,1,0.0,2,0.0,1,0.0,0.0,0.0,0.0,0.0,0.0,22,31,31.0,3,0.0,1,0.0,4,0.0,0.0,2,0.0,0.0,0.0,1,9,0.0,0.0,0.0,0.0,0.0,1,5,0.0,1
2,3,2,4,1,0.0,1,1,4,0.0,0.0,3,1,1,1,4,1,0.0,1,26,0.0,0.0,0.0,1,1,0.0,0.0,0.0,0.0,0.0,0.0,3,0.0,0.0,0.0,1,2,0.0,8,4,0.0,1,1,0.0,0.0,0.0,0.0,2,0.0,0.0,0.0,0.0,0.0,2,0.0,2,4,0.0,0.0,0.0,0.0,0.0,2,3,26,36,18.0,0.0,0.0,3,4,5,2,1,6,0.0,0.0,1,6,15,1,0.0,0.0,1,0.0,1,2,0.0,1
0.0,0.0,3,5,0.0,0.0,0.0,0.0,2,0.0,0.0,1,1,1,2,4,2,0.0,0.0,15,0.0,0.0,0.0,0.0,0.0,0.0,0.0,0.0,0.0,0.0,0.0,0.0,0.0,0.0,1,0.0,1,0.0,0.0,4,0.0,0.0,1,2,2,0.0,0.0,3,0.0,0.0,0.0,0.0,0.0,2,0.0,3,1,2,0.0,1,1,0.0,0.0,1,23,25,12.5,1,0.0,1,0.0,3,0.0,0.0,2,0.0,2,0.0,2,8,0.0,0.0,0.0,0.0,0.0,1,3,1,0.0
8,1,0.0,4,0.0,0.0,1,0.0,1,0.0,0.0,0.0,1,1,2,2,1,0.0,0.0,21,0.0,0.0,0.0,0.0,0.0,0.0,0.0,0.0,0.0,0.0,0.0,1,0.0,3,0.0,4,0.0,0.0,0.0,3,0.0,0.0,0.0,0.0,0.0,0.0,0.0,2,0.0,0.0,0.0,0.0,0.0,1,0.0,6,0.0,0.0,0.0,3,0.0,0.0,2,8,19,20,20.0,3,0.0,0.0,0.0,6,0.0,1,0.0,0.0,0.0,0.0,0.0,13,0.0,1,0.0,0.0,0.0,0.0,1,0.0,0.0
1,3,2,3,0.0,0.0,2,0.0,1,0.0,0.0,0.0,0.0,1,0.0,3,3,0.0,0.0,23,0.0,0.0,0.0,0.0,0.0,1,0.0,0.0,0.0,1,0.0,0.0,0.0,0.0,1,0.0,1,0.0,8,4,0.0,1,1,1,1,0.0,0.0,6,0.0,0.0,0.0,1,0.0,2,0.0,1,0.0,5,0.0,0.0,0.0,0.0,0.0,2,28,39,19.5,0.0,0.0,4,0.0,0.0,0.0,0.0,1,0.0,1,0.0,2,14,1,1,0.0,1,0.0,1,5,0.0,0.0
2,0.0,4,4,0.0,0.0,2,0.0,1,0.0,0.0,0.0,0.0,1,1,2,0.0,0.0,0.0,23,0.0,0.0,0.0,0.0,0.0,0.0,0.0,0.0,0.0,0.0,0.0,0.0,0.0,3,0.0,1,4,0.0,5,4,0.0,0.0,0.0,0.0,1,0.0,0.0,5,0.0,3,0.0,0.0,0.0,2,0.0,5,1,1,0.0,0.0,0.0,0.0,4,2,24,30,15.0,10,3,5,0.0,1,0.0,1,6,0.0,0.0,2,0.0,7,0.0,0.0,0.0,0.0,0.0,6,1,0.0,3
1,0.0,10,4,0.0,0.0,2,0.0,1,0.0,0.0,0.0,0.0,1,2,1,0.0,0.0,0.0,24,0.0,0.0,0.0,0.0,0.0,1,0.0,0.0,0.0,0.0,0.0,0.0,3,0.0,0.0,0.0,0.0,0.0,8,3,0.0,0.0,1,10,0.0,0.0,0.0,4,0.0,0.0,0.0,0.0,0.0,1,0.0,6,3,1,0.0,0.0,0.0,0.0,3,2,21,32,32.0,3,6,2,3,0.0,0.0,0.0,10,0.0,0.0,1,3,7,0.0,0.0,0.0,0.0,0.0,6,2,1,0.0
0.0,2,2,4,0.0,0.0,0.0,0.0,0.0,0.0,0.0,0.0,0.0,1,1,0.0,2,0.0,0.0,16,0.0,0.0,0.0,0.0,0.0,0.0,0.0,0.0,0.0,0.0,0.0,3,0.0,0.0,0.0,0.0,0.0,0.0,2,6,0.0,0.0,1,2,0.0,0.0,0.0,1,0.0,0.0,0.0,0.0,0.0,1,0.0,6,1,1,0.0,0.0,0.0,1,0.0,1,23,27,27.0,3,0.0,1,0.0,3,0.0,0.0,3,0.0,0.0,0.0,0.0,7,1,0.0,1,1,0.0,3,3,0.0,0.0
1,0.0,5,3,0.0,0.0,1,0.0,1,3,0.0,0.0,0.0,1,1,1,1,0.0,0.0,28,0.0,0.0,0.0,0.0,0.0,1,0.0,0.0,0.0,0.0,3,0.0,0.0,0.0,0.0,0.0,1,0.0,2,3,0.0,1,1,4,0.0,0.0,0.0,8,0.0,0.0,0.0,1,0.0,1,0.0,5,3,1,0.0,0.0,0.0,0.0,7,2,26,30,30.0,6,6,2,0.0,0.0,0.0,0.0,12,0.0,0.0,1,0.0,8,0.0,0.0,0.0,0.0,0.0,10,3,1,1
0.0,0.0,3,1,0.0,0.0,1,0.0,0.0,0.0,0.0,0.0,1,0.0,0.0,0.0,0.0,0.0,0.0,5,0.0,3,0.0,0.0,0.0,0.0,0.0,0.0,0.0,0.0,0.0,0.0,0.0,0.0,0.0,0.0,3,0.0,0.0,0.0,0.0,0.0,0.0,0.0,1,0.0,0.0,0.0,0.0,0.0,0.0,0.0,0.0,1,0.0,0.0,3,0.0,0.0,0.0,0.0,0.0,0.0,0.0,4,4,4.0,0.0,0.0,0.0,0.0,1,0.0,0.0,0.0,3,0.0,0.0,0.0,1,0.0,0.0,0.0,0.0,0.0,0.0,0.0,0.0,0.0
0.0,0.0,3,1,0.0,0.0,0.0,0.0,1,0.0,0.0,0.0,0.0,0.0,0.0,1,0.0,0.0,1,8,0.0,1,0.0,0.0,0.0,0.0,0.0,0.0,0.0,0.0,0.0,0.0,0.0,0.0,0.0,0.0,0.0,0.0,0.0,0.0,0.0,0.0,0.0,3,0.0,0.0,0.0,0.0,0.0,0.0,0.0,0.0,0.0,1,0.0,2,0.0,0.0,0.0,0.0,0.0,0.0,0.0,0.0,5,6,6.0,3,0.0,0.0,0.0,0.0,0.0,0.0,3,0.0,0.0,0.0,1,1,0.0,0.0,0.0,0.0,0.0,3,0.0,0.0,0.0
1,0.0,1,5,0.0,0.0,1,0.0,0.0,0.0,0.0,0.0,0.0,2,0.0,0.0,0.0,0.0,0.0,8,0.0,1,0.0,0.0,0.0,0.0,0.0,0.0,0.0,0.0,0.0,0.0,0.0,0.0,0.0,0.0,0.0,0.0,2,6,0.0,0.0,0.0,1,0.0,0.0,0.0,2,0.0,0.0,0.0,0.0,0.0,2,0.0,6,3,1,0.0,0.0,0.0,0.0,1,1,12,16,8.0,3,0.0,1,0.0,0.0,0.0,0.0,1,0.0,0.0,0.0,0.0,3,0.0,0.0,0.0,0.0,0.0,0.0,1,1,0.0
1,0.0,3,3,0.0,0.0,1,0.0,4,0.0,0.0,0.0,0.0,1,0.0,4,2,0.0,0.0,23,0.0,0.0,0.0,0.0,3,1,0.0,0.0,0.0,0.0,0.0,0.0,0.0,0.0,0.0,2,0.0,0.0,7,4,0.0,0.0,4,3,0.0,0.0,0.0,6,0.0,0.0,0.0,0.0,0.0,2,0.0,4,3,5,0.0,3,0.0,0.0,1,5,26,37,18.5,0.0,0.0,0.0,3,5,0.0,2,6,0.0,1,0.0,2,15,0.0,1,0.0,0.0,0.0,0.0,2,0.0,3
0.0,0.0,10,4,4,0.0,1,2,0.0,0.0,0.0,0.0,0.0,2,0.0,0.0,0.0,0.0,0.0,15,0.0,0.0,0.0,0.0,0.0,0.0,0.0,0.0,0.0,0.0,0.0,0.0,0.0,0.0,0.0,0.0,7,0.0,2,4,0.0,0.0,0.0,3,0.0,0.0,0.0,1,0.0,0.0,0.0,0.0,0.0,2,0.0,8,1,1,0.0,0.0,0.0,0.0,0.0,0.0,20,22,11.0,0.0,0.0,0.0,0.0,0.0,0.0,0.0,6,0.0,0.0,0.0,0.0,3,2,0.0,0.0,1,1,6,2,0.0,0.0
0.0,3,0.0,3,0.0,0.0,4,0.0,4,0.0,0.0,0.0,0.0,1,1,7,2,0.0,0.0,22,0.0,0.0,0.0,0.0,1,0.0,0.0,0.0,0.0,0.0,0.0,0.0,0.0,1,4,0.0,0.0,0.0,5,3,0.0,0.0,1,0.0,0.0,0.0,0.0,6,0.0,0.0,0.0,0.0,0.0,1,0.0,0.0,3,0.0,0.0,0.0,0.0,0.0,2,1,21,36,36.0,0.0,0.0,0.0,1,0.0,0.0,0.0,1,0.0,0.0,3,4,17,0.0,2,0.0,0.0,0.0,0.0,5,0.0,0.0
0.0,1,7,3,0.0,0.0,0.0,0.0,1,0.0,0.0,0.0,0.0,1,0.0,1,2,0.0,0.0,16,0.0,1,0.0,0.0,0.0,0.0,0.0,0.0,0.0,0.0,0.0,0.0,0.0,0.0,0.0,0.0,0.0,0.0,5,3,0.0,0.0,2,7,0.0,0.0,0.0,3,0.0,0.0,0.0,0.0,0.0,2,0.0,6,2,2,0.0,0.0,0.0,2,1,2,21,30,15.0,1,2,2,0.0,0.0,0.0,0.0,4,0.0,0.0,1,0.0,8,0.0,1,2,0.0,0.0,3,3,3,0.0
0.0,0.0,3,4,0.0,0.0,2,0.0,3,0.0,0.0,0.0,0.0,1,1,4,1,0.0,0.0,19,2,1,0.0,1,0.0,0.0,0.0,0.0,0.0,0.0,0.0,0.0,0.0,0.0,0.0,0.0,3,0.0,4,3,0.0,2,1,0.0,0.0,0.0,0.0,4,0.0,0.0,0.0,1,0.0,2,0.0,3,1,2,0.0,1,0.0,1,2,1,24,30,15.0,3,0.0,1,0.0,2,0.0,1,6,0.0,0.0,3,1,8,0.0,0.0,1,0.0,0.0,3,1,0.0,3
1,1,4,4,0.0,0.0,0.0,0.0,0.0,4,0.0,2,0.0,0.0,0.0,1,1,0.0,0.0,25,0.0,1,0.0,0.0,0.0,0.0,0.0,4,0.0,0.0,0.0,2,0.0,1,0.0,1,4,0.0,0.0,3,0.0,0.0,0.0,0.0,1,0.0,0.0,5,0.0,0.0,0.0,0.0,0.0,4,0.0,7,4,4,0.0,0.0,0.0,0.0,1,1,17,18,4.5,1,0.0,1,1,2,0.0,0.0,4,0.0,0.0,0.0,1,7,0.0,0.0,0.0,0.0,0.0,1,3,0.0,3
0.0,0.0,3,5,3,0.0,1,0.0,1,0.0,0.0,0.0,0.0,1,2,1,2,0.0,1,23,0.0,0.0,0.0,0.0,0.0,0.0,0.0,0.0,0.0,0.0,0.0,0.0,0.0,0.0,0.0,0.0,3,0.0,8,4,0.0,0.0,0.0,0.0,1,0.0,0.0,6,0.0,0.0,0.0,0.0,0.0,2,0.0,6,6,6,0.0,0.0,0.0,0.0,0.0,0.0,22,34,17.0,0.0,0.0,0.0,0.0,0.0,0.0,0.0,6,3,0.0,0.0,1,9,0.0,0.0,0.0,0.0,0.0,6,5,0.0,0.0
1,0.0,0.0,4,0.0,0.0,0.0,0.0,3,0.0,0.0,0.0,1,1,1,5,1,0.0,0.0,20,0.0,0.0,0.0,0.0,1,2,1,0.0,0.0,0.0,0.0,0.0,0.0,1,0.0,1,0.0,0.0,2,4,0.0,0.0,3,0.0,0.0,0.0,0.0,3,0.0,0.0,0.0,0.0,0.0,2,0.0,4,2,2,0.0,0.0,0.0,0.0,1,4,24,29,14.5,4,0.0,0.0,2,1,0.0,0.0,7,0.0,2,0.0,3,12,0.0,1,0.0,0.0,0.0,4,3,1,0.0
0.0,0.0,1,3,0.0,0.0,2,0.0,2,0.0,0.0,1,1,1,0.0,3,0.0,0.0,0.0,17,0.0,0.0,0.0,0.0,0.0,0.0,0.0,0.0,0.0,0.0,0.0,0.0,0.0,1,0.0,0.0,1,0.0,0.0,4,0.0,0.0,0.0,0.0,2,0.0,0.0,4,0.0,0.0,0.0,0.0,0.0,2,0.0,4,2,2,0.0,0.0,0.0,0.0,1,0.0,21,25,12.5,0.0,0.0,5,0.0,3,5,1,2,0.0,0.0,1,2,8,0.0,0.0,0.0,0.0,0.0,2,4,0.0,0.0
1,2,0.0,4,0.0,0.0,3,0.0,1,0.0,0.0,0.0,1,1,1,1,0.0,0.0,0.0,15,0.0,0.0,0.0,0.0,0.0,0.0,0.0,0.0,0.0,0.0,0.0,0.0,0.0,1,0.0,0.0,0.0,0.0,2,4,0.0,0.0,3,0.0,0.0,0.0,0.0,5,0.0,0.0,0.0,0.0,0.0,2,0.0,4,3,3,0.0,0.0,2,1,2,4,22,27,13.5,1,0.0,1,0.0,1,1,0.0,0.0,1,0.0,1,0.0,13,0.0,1,0.0,0.0,0.0,0.0,3,0.0,0.0
0.0,1,6,3,3,3,0.0,0.0,2,3,3,1,0.0,1,1,3,2,0.0,3,25,0.0,0.0,0.0,0.0,0.0,0.0,0.0,0.0,0.0,0.0,0.0,0.0,0.0,1,3,0.0,3,0.0,2,3,0.0,0.0,1,3,2,0.0,0.0,4,0.0,0.0,0.0,0.0,0.0,1,0.0,7,4,0.0,0.0,1,0.0,1,4,1,21,24,24.0,0.0,0.0,2,0.0,3,2,1,6,0.0,0.0,1,1,8,0.0,0.0,1,0.0,0.0,3,2,0.0,6
0.0,2,3,7,0.0,0.0,1,0.0,2,0.0,0.0,0.0,0.0,0.0,0.0,3,1,0.0,0.0,16,0.0,1,0.0,1,0.0,0.0,0.0,0.0,0.0,0.0,0.0,0.0,0.0,0.0,0.0,0.0,0.0,0.0,0.0,3,4,1,1,3,0.0,0.0,0.0,2,0.0,0.0,1,0.0,0.0,3,0.0,3,4,2,0.0,0.0,0.0,0.0,0.0,1,20,20,6.666666666666667,1,0.0,1,0.0,0.0,0.0,0.0,1,3,0.0,1,2,9,1,0.0,0.0,0.0,1,0.0,2,1,0.0
1,1,2,3,0.0,0.0,2,0.0,2,0.0,0.0,1,0.0,1,0.0,3,1,0.0,0.0,22,0.0,0.0,0.0,0.0,0.0,0.0,0.0,0.0,0.0,0.0,0.0,0.0,0.0,0.0,0.0,0.0,0.0,0.0,0.0,3,0.0,0.0,1,2,0.0,1,0.0,0.0,0.0,0.0,0.0,0.0,0.0,2,0.0,6,5,0.0,0.0,0.0,1,0.0,0.0,2,22,25,12.5,3,0.0,0.0,0.0,1,0.0,0.0,8,0.0,0.0,0.0,2,10,0.0,2,0.0,0.0,0.0,7,2,0.0,1
0.0,0.0,1,2,0.0,0.0,3,0.0,1,0.0,0.0,0.0,0.0,1,0.0,2,0.0,0.0,0.0,24,0.0,0.0,0.0,0.0,0.0,0.0,0.0,0.0,0.0,1,0.0,0.0,0.0,0.0,0.0,0.0,1,0.0,5,3,0.0,0.0,0.0,0.0,0.0,0.0,0.0,3,0.0,1,0.0,0.0,0.0,1,0.0,9,0.0,0.0,0.0,0.0,0.0,0.0,3,0.0,19,29,29.0,9,0.0,0.0,0.0,0.0,0.0,0.0,6,0.0,0.0,0.0,1,7,0.0,0.0,0.0,0.0,0.0,6,3,0.0,0.0
0.0,0.0,3,4,0.0,0.0,2,0.0,3,0.0,0.0,0.0,0.0,1,0.0,4,1,0.0,0.0,25,1,0.0,0.0,0.0,3,0.0,0.0,0.0,0.0,0.0,0.0,0.0,0.0,0.0,0.0,0.0,0.0,0.0,7,5,0.0,0.0,3,3,0.0,0.0,0.0,7,0.0,0.0,0.0,0.0,0.0,3,0.0,4,6,7,0.0,1,0.0,0.0,0.0,3,24,34,11.333333333333334,0.0,0.0,1,3,2,0.0,0.0,7,0.0,0.0,1,3,11,1,0.0,0.0,1,0.0,1,2,1,2
0.0,0.0,1,4,0.0,0.0,2,0.0,2,0.0,0.0,0.0,1,1,1,3,0.0,0.0,0.0,18,1,0.0,0.0,0.0,0.0,0.0,0.0,0.0,0.0,0.0,0.0,0.0,0.0,6,0.0,0.0,1,0.0,4,4,0.0,0.0,1,0.0,0.0,0.0,0.0,4,0.0,0.0,0.0,0.0,0.0,2,0.0,3,1,2,0.0,0.0,1,0.0,2,1,24,31,15.5,6,0.0,1,0.0,1,0.0,0.0,2,0.0,0.0,1,1,8,0.0,0.0,0.0,0.0,0.0,1,3,1,0.0
0.0,1,2,2,0.0,0.0,2,0.0,0.0,1,0.0,0.0,0.0,1,0.0,3,1,0.0,0.0,20,0.0,0.0,1,0.0,0.0,1,0.0,0.0,3,1,1,0.0,1,3,0.0,0.0,1,0.0,4,3,0.0,3,1,1,0.0,0.0,0.0,1,0.0,0.0,0.0,0.0,0.0,1,0.0,8,4,1,0.0,0.0,0.0,0.0,0.0,1,20,28,28.0,3,0.0,2,1,0.0,1,0.0,3,0.0,0.0,3,0.0,9,0.0,0.0,0.0,0.0,0.0,2,4,0.0,0.0
1,0.0,3,3,0.0,0.0,1,0.0,1,0.0,0.0,0.0,0.0,1,0.0,1,0.0,0.0,0.0,23,0.0,0.0,0.0,0.0,0.0,0.0,0.0,0.0,3,0.0,0.0,0.0,3,0.0,0.0,0.0,0.0,0.0,5,4,0.0,4,3,3,0.0,0.0,0.0,8,0.0,0.0,0.0,1,0.0,2,0.0,5,3,3,0.0,0.0,3,0.0,5,4,20,28,14.0,0.0,3,2,0.0,0.0,0.0,0.0,3,0.0,0.0,1,0.0,10,0.0,0.0,0.0,0.0,0.0,3,4,0.0,0.0
0.0,1,0.0,3,0.0,0.0,1,0.0,1,0.0,0.0,3,0.0,2,0.0,2,0.0,0.0,0.0,22,0.0,0.0,0.0,0.0,0.0,0.0,0.0,0.0,0.0,0.0,0.0,0.0,0.0,4,1,0.0,0.0,0.0,4,3,0.0,1,0.0,0.0,0.0,0.0,0.0,3,0.0,0.0,0.0,1,0.0,1,0.0,5,0.0,2,0.0,1,0.0,0.0,1,0.0,17,22,22.0,9,6,0.0,0.0,4,0.0,0.0,10,0.0,0.0,0.0,1,4,0.0,0.0,0.0,0.0,0.0,6,1,1,0.0
0.0,0.0,0.0,3,0.0,0.0,0.0,0.0,1,0.0,0.0,0.0,0.0,1,0.0,2,0.0,0.0,0.0,4,0.0,1,0.0,0.0,0.0,0.0,0.0,0.0,0.0,0.0,0.0,0.0,0.0,1,0.0,0.0,0.0,0.0,2,3,0.0,0.0,0.0,0.0,0.0,0.0,0.0,1,0.0,0.0,0.0,0.0,0.0,2,0.0,3,0.0,1,0.0,0.0,0.0,0.0,0.0,0.0,8,10,5.0,1,0.0,0.0,0.0,0.0,0.0,0.0,0.0,0.0,0.0,0.0,2,2,0.0,0.0,0.0,0.0,0.0,0.0,1,0.0,0.0
2,0.0,1,3,0.0,0.0,2,0.0,3,0.0,0.0,0.0,0.0,1,0.0,6,0.0,0.0,0.0,22,0.0,0.0,0.0,1,0.0,1,0.0,0.0,0.0,0.0,0.0,1,0.0,0.0,4,0.0,1,0.0,2,4,0.0,1,2,0.0,0.0,0.0,0.0,5,0.0,0.0,1,0.0,0.0,2,0.0,4,2,1,0.0,0.0,0.0,0.0,0.0,4,27,31,15.5,3,0.0,2,0.0,1,0.0,0.0,0.0,0.0,1,0.0,4,11,0.0,0.0,0.0,0.0,0.0,0.0,2,0.0,0.0
1,0.0,1,5,0.0,0.0,3,0.0,2,0.0,0.0,0.0,0.0,1,2,3,0.0,0.0,0.0,22,0.0,0.0,0.0,0.0,0.0,0.0,0.0,0.0,0.0,0.0,0.0,1,0.0,5,0.0,0.0,0.0,0.0,2,4,0.0,0.0,1,1,0.0,0.0,0.0,3,0.0,0.0,0.0,0.0,0.0,2,0.0,4,1,3,0.0,0.0,1,0.0,0.0,2,20,25,12.5,9,0.0,1,0.0,1,0.0,0.0,2,0.0,0.0,0.0,2,8,0.0,1,0.0,0.0,0.0,1,1,1,0.0
